주연배우,배우성별,배우필모,필모갯수
안성기,남자,"종이꽃|사자|인간, 공간, 시간 그리고 인간|청춘 합창단 - 또 하나의 꿈|사냥|필름시대사랑|트로트|제 7기사단|화장|신의 한 수|타워|현의 노래|영화판|페이스메이커|부러진 화살|7광구|바보야|페어러브|북극의 눈물|신기전|마이 뉴 파트너|화려한 휴가|묵공|라디오 스타|한반도|형사 Duelist|한국 영화의 르네상스|아라한 장풍대작전|실미도|미스터 레이디|피아노 치는 대통령|취화선|마리이야기|흑수선|무사|킬리만자로|진실게임|구멍|인정사정 볼 것 없다|미술관 옆 동물원|아름다운 시절|퇴마록|생과부 위자료 청구소송|이방인|박봉곤 가출사건|축제|잠자는 남자|헤어드레서|천재선언|말미잘|남자는 괴로워|영원한 제국|태백산맥|그 섬에 가고 싶다|투캅스|그대안의 블루|하얀전쟁|천국의 계단|열아홉의 절망끝에 부르는 하나의 사랑노래|베를린 리포트|누가 용의 발톱을 보았는가|꿈|남부군|개그맨|칠수와 만수|성공시대|안녕하세요 하나님|성 리수일뎐|기쁜 우리 젊은 날|달빛 사냥꾼|황진이|내시|이장호의 외인구단|겨울나그네|고래사냥2|어우동|깊고 깊은 그 곳에|깊고 푸른 밤|무릎과 무릎사이|그 해 겨울은 따뜻했네|고래사냥|적도의 꽃|철인들|풀잎처럼 눕다|안개마을|타인의 둥지|오염된 자식들|꼬방동네 사람들|낮은데로 임하소서|난장이가 쏘아올린 작은 공|만다라|어둠의 자식들|바람불어 좋은 날|우요일|야시|병사와 아가씨들|하녀|동행|주리|제3공작",100
기주봉,남자,"노리개: 그녀의 눈물|69세|소설가 구보의 하루|강변호텔|행복의 나라|풀잎들|천사의 시간|메리 크리스마스 미스터 모|더 복서|히야|지금은맞고그때는틀리다|간신|순수의 시대|오피스|차이나타운|살인의뢰|해무(海霧)|신이 보낸 사람|자유의 언덕|끝까지 간다|용의자|친구 2|소녀|배우는 배우다|몽타주|환상속의 그대|노리개|누구의 딸도 아닌 해원|철가방 우수氏|콩가네|북촌방향|이별능력|하하하|나쁜 놈이 더 잘 잔다|채식주의자|킹콩을 들다|로니를 찾아서|그 남자의 책 198쪽|멋진 하루|밤과 낮|경축! 우리사랑|마지막 선물|포도나무를 베어라|아주 특별한 손님|로망스|삼거리 무스탕 소년의 최후|주먹이 운다(Crying Fist)|알포인트|령|클레멘타인|라이어|어디선가 누군가에 무슨일이 생기면 틀림없이 나타난다 홍반장|풀리쉬 게임|초승달과 밤배|목포는 항구다|거울속으로|청풍명월(淸風明月)|튜브|와일드 카드|지구를 지켜라|대한민국 헌법 제1조|색즉시공|유아독존|굳세어라 금순아|보스 상륙 작전(Boss X File)|복수는 나의 것|공공의 적|우렁각시|두사부일체|세이예스|소름|친구|번지점프를 하다|순애보|공동경비구역 JSA|죽거나 혹은 나쁘거나|비천무|킬리만자로|인정사정 볼 것 없다|북경반점|조용한 가족|나쁜 영화|아찌 아빠|지금은 양지|인간시장, 작은 악마 스물두살의 자서전|F학점의 천재들|어둠의 자식들|낙과|그 아이|피리마담|몰디브 환상특급|단심|심판",93
오정세,남자,"콜|스윙키즈|그대 이름은 장미|머니백|조작된 도시|목숨 건 연애|탐정 : 더 비기닝|션샤인 러브|타짜-신의 손|레드카펫|하이힐|방황하는 칼날|사이비|히어로|하이힐(디렉터스컷)|런닝맨|뒷담화: 감독이 미쳤어요|남자사용설명서|5백만불의 사나이|시체가 돌아왔다|코리아|퍼펙트 게임|돼지의 왕|커플즈|퀵|쩨쩨한 로맨스|부당거래|방자전|베스트셀러|시크릿|인사동 스캔들|똥파리|아내가 결혼했다|무림여대생|라듸오 데이즈|식객|극락도 살인사건|뷰티풀 선데이|경의선|우아한 세계|허브|조용한 세상|사랑할 때 이야기하는 것들|무도리|우리들의 행복한 시간|연애, 그 참을 수 없는 가벼움|8월의 일요일들|달려라 장미|너는 내 운명|이대로, 죽을 순 없다(Short Time)|레드 아이|귀신이 산다|내 여자친구를 소개합니다|오! 브라더스|거울속으로|수취인불명|메모리즈|거울아 거울아|모퉁이의 남자|사랑은 단백질|그날 밤의 축제|사춘기",62
최종원,남자,"여자전쟁: 봉천동 혈투|늙은 자전거|의뢰인|식객2 : 김치전쟁|여름, 속삭임|잘못된 만남|가을로|한반도|오로라 공주|혈의 누|그녀에게 잠들다|파라다이스빌라|물고기자리|기막힌 사내들|인연|할렐루야|아버지|로케트는 발사됐다|오디션|박봉곤 가출사건|정글스토리|러브 스토리|1996 뽕|카루나|맥주가 애인보다 좋은 7가지 이유|돈을 갖고 튀어라|누가 나를 미치게 하는가|헤어드레서|총잡이|남자는 괴로워|영원한 제국|마누라 죽이기|태백산맥|장미빛 인생|49일의 남자|투캅스|서편제|첫사랑|마음의 파수꾼|김의 전쟁|나의 아내를 슬프게 하는 것들|세상은 살만큼 아름답다|천국의 계단|뽕밭나그네|나의 사랑, 나의 신부|꿈|꼭지딴|마유미|오세암(극영화)|그후로도 오랫동안|아제아제 바라아제|개그맨|애마부인 3|부나비는 황혼이 슬프다|저하늘에도 슬픔이|제4의 공포|여자는 남자를 쏘았다|삐에로와 국화|하얀 미소|제3한강교|비목(碑木)",61
박근형,남자,증인|사랑하기 때문에|그랜드파더|탐정 홍길동: 사라진 마을|장수상회|저스틴|가문의 영광5 - 가문의 귀환|그랑프리|가문의 영광|아버지|무궁화꽃이 피었습니다|아들과 연인|가진 것 없소이다|피와 불|누가 용의 발톱을 보았는가|매혹|누가 붉은 장미를 꺾었나|요화 어을우동|먼 여행 긴 터널|티켓|피조개 뭍에 오르다|불의 딸|13월의 연정|우상의 눈물|꼭지 꼭지|오사까의 외로운 별|마지막 밀애|슬픔은 이제 그만|비색|누가 이 아픔을|태양을 훔친 여자|밤이면 내리는 비|청춘의 덫|여수|병아리들의 잔칫날|청춘의 문|어딘가에 엄마가|율곡과 신사임당|생사의 고백|산골 나그네|엄마없는 하늘아래2|설국|엄마 없는 하늘 아래|문|사랑의 나그네|광화문통 아이|불꺼진 창|아내|비녀|꽃과 뱀|왜 그랬던가|숲과 늪|황토|특별수사본부 외팔이 김종원|새벽에 온 방문객|연인들|이중섭|본능|국회 푸락치|비둘기의 합창|망명의 늪,61
오달수,남자,"조선명탐정: 흡혈괴마의 비밀|신과함께-죄와 벌|살인자의 기억법|마스터|터널|국가대표 2|대배우|열정같은소리하고있네|암살|베테랑|조선명탐정 : 사라진 놉의 딸|국제시장|슬로우 비디오|해적: 바다로 간 산적|변호인|파파로티|7번방의 선물|자칼이 온다|공모자들|R2B: 리턴투베이스|도둑들|미운오리새끼|술에 대하여 - 극장판|헤드|그대를 사랑합니다|조선명탐정 : 각시투구꽃의 비밀|페스티발|해결사|방자전|그림자 살인|박쥐|좋은 놈, 나쁜 놈, 이상한 놈 |가루지기|우아한 세계|언니가 간다|싸이보그지만 괜찮아|그해 여름|뚝방전설|괴물|구타유발자들|음란서생|친절한 금자씨|주먹이 운다(Crying Fist)|달콤한 인생|마파도|여자는 남자의 미래다|효자동 이발사|마지막 늑대|올드보이|해적 디스코왕 되다|사춘기 |믿거나 말거나, 찬드라의 경우|황금시대|여섯 개의 시선",54
문소리,여자,"배심원들|메기|군산: 거위를 노래하다|리틀 포레스트|1987|여배우는 오늘도|특별시민|아가씨|나쁜 나라|필름시대사랑|자유의 언덕|만신|관능의 법칙|스파이|분노의 윤리학|다른나라에서|마당을 나온 암탉|하녀|하하하|날아라 펭귄|우리 생애 최고의 순간|가족의 탄생|여교수의 은밀한 매력|사과|사랑해, 말순씨|한국 영화의 르네상스|효자동 이발사|바람난 가족|오아시스|박하사탕|동행|최고의 감독|여배우|여배우는 오늘도|디 엔드|호랑이 푸로젝트|사랑의 힘|외계의 제 19호 계획|봄산에|블랙컷|최고의 감독|아카이브의 유령들",42
유해진,남자,"봉오동 전투|승리호(가제)|말모이|완벽한 타인|레슬러|1987|택시운전사|공조|럭키|그놈이다|베테랑|극비수사|타짜-신의 손|해적: 바다로 간 산적|인간중독|소수의견|감기|가디언즈|간첩|미쓰GO|마마|적과의 동침|부당거래|이끼|작은 연못|죽이고 싶은|전우치|강철중: 공공의 적 1-1|트럭|권순분여사 납치사건|아들|이장과 군수|그해 여름|타짜|국경의 남쪽|왕의 남자|이대로, 죽을 순 없다(Short Time)|공공의 적 2|혈의 누|마파도|달마야, 서울 가자|바람의 전설|빙우|영어완전정복|나비|해안선|광복절 특사|라이터를 켜라|공공의 적|무사|신라의 달밤|주유소 습격사건|블랙잭|톰과 제리",54
이순재,남자,로망|덕구|아티스트: 다시 태어나다|저스틴|로맨틱 헤븐|그대를 사랑합니다|굿모닝 프레지던트|업|음란서생|영점구일칠|젖은풀 젖은잎|화평의 길|바보스러운 여자|사람의 아들|아낌없이 바쳤는데|잊어야 할 그 사람|무협검풍|을화|하늘아래 슬픔이|O양의 아파트 2|영원한 유산|광염 소나타|하늘나라에서 온 편지|세종대왕|비목(碑木)|안개 속의 여인(女人)|저 높은 곳을 향하여|여기자 20년|남궁동자|아리랑아|집념|사랑의 계절|어머니|서북청년|10년만의 외출|탈출|10대의 영광|영자의 전성시대|연화|속 연화|위험한 사이|토지|공포의 숨소리|모정에 우는 두 아들|속 형|분례기|그대 가슴에 다시 한번|상처|나무들 비탈에 서다|일식|대괴수 용가리|문정왕후|초연,53
조진웅,남자,블랙머니|퍼펙트맨|광대들: 풍문조작단|클로즈 투 유(가제)|완벽한 타인|공작|독전|대장 김창수|해빙|마차 타고 고래고래|보안관|사냥|아가씨|암살|장수상회|파울볼|허삼관|우리는 형제입니다|명량|군도: 민란의 시대|끝까지 간다|화이: 괴물을 삼킨 아이|파파로티|분노의 윤리학|용의자X|범죄와의 전쟁: 나쁜놈들 전성시대|퍼펙트 게임|고지전|글러브|맨발의 꿈|베스트셀러|부산|국가대표|쌍화점|달콤한 거짓말|스페어|GP 506|마이 뉴 파트너|마지막 선물|폭력써클|비열한 거리|강적|야수|우리 형|말죽거리 잔혹사|경관의 피(가제),46
권해효,남자,타짜: 원 아이드 잭|배심원들|후쿠오카|여고괴담 리부트: 모교|반도|메기|나의 특별한 형제|강변호텔|해피 투게더|그 후|밤의 해변에서 혼자|가려진 시간|당신자신과 당신의 것|나를 잊지 말아요|그라운드의 이방인|쎄시봉|제보자|소수의견|관능의 법칙|피끓는 청춘|사이비|더 웹툰: 예고살인|미나문방구|용의자X|두 번의 결혼식과 한 번의 장례식|다른나라에서|네버엔딩 스토리|시라노; 연애조작단|마음이2|오체투지 다이어리|패밀리|몽중인|이것이 법이다|선물|하루|찜|체인지|고스트 맘마|진짜 사나이|게임의 법칙|구미호|세상 밖으로|명자 아끼꼬 쏘냐|돌아오는 길엔|심야택시|내 컴퓨터|한낮의 피크닉|원 나잇 스탠드,48
엄상현,남자,"극장판 헬로카봇 : 달나라를 구해줘!|프린스 코기|극장판 헬로카봇: 옴파로스 섬의 비밀|극장판 공룡메카드: 타이니소어의 섬|런닝맨 : 풀룰루의 역습|극장판 뽀잉: 슈퍼 변신의 비밀|극장판 헬로카봇 : 백악기 시대|해적왕 작스톰|미니특공대X|뽀로로 극장판 공룡섬 대모험|킹 오브 프리즘 - 프라이드 더 히어로|바다 탐험대 옥토넛 시즌4: 더 파이널|파워배틀 와치카: 와치가면의 역습|트롤|바다 탐험대 옥토넛 시즌4: 바다 괴물 대소동|눈의 여왕 3: 눈과 불의 마법대결|부릉! 부릉! 브루미즈: 스피더의 모험 일기|파워배틀 와치카 미니카 배틀리그: 불꽃의 질주|극장판 유희왕 더 다크 사이드 오브 디멘션즈|바다 탐험대 옥토넛 시즌4: 아슬아슬 구조대작전|최강전사 미니특공대: 영웅의 탄생|바다 탐험대 옥토넛 시즌4: 빙하탐험선S|타이밍|뽀로로 극장판 컴퓨터 왕국 대모험|고녀석 맛나겠다2 : 함께라서 행복해|빌리와 용감한 녀석들 3|최강전사 미니특공대 : 새로운 악당의 습격|생각보다 맑은|헬로 카봇|바다 탐험대 옥토넛 스페셜|꼬마영웅 경찰차 프로디2|피쉬와 칩스 극장판|꼬마마녀 요요와 네네|우주로봇 씨어|쿵후팬더: 영웅의 탄생|부도리의 꿈 |부도리의 꿈(감독판)|레전드 오브 래빗|프렌즈: 몬스터섬의비밀 |마루 밑 아리에티|꼬마영웅 경찰차 프로디|가필드 펫 포스 3D|엘라의 모험 2: 백설공주 길들이기|춤추는 꿈틀이 밴드|제불찰씨 이야기|신암행어사|메밀꽃, 운수 좋은 날, 그리고 봄봄",47
김해숙,여자,크게 될 놈|허스토리|신과함께-죄와 벌|미스 푸줏간|재심|아가씨|희생부활자|암살|적도|사도|군도: 민란의 시대|소원|깡철이|음치 클리닉 |도둑들|원더풀 라디오|마마|친정엄마|박쥐|눈에는 눈 이에는 이|경축! 우리사랑|무방비도시|해바라기|파랑주의보|몽정기2|우리 형|령|오! 해피데이|국화꽃 향기|가문의 영광|겨울미리내|이브의 건넌방|비내리는 영동교|목없는 여살인마|그 어둠에 사랑이|반노2|여자가 더 좋아|정부|죽으면 살리라|화녀 '82|육체의 문|종군수첩|사랑하는 사람아,43
박성웅,남자,"오케이! 마담|내안의 그놈|해피 투게더|안시성|물괴|꾼|메소드|석조저택 살인사건|그대 이름은 장미|인천상륙작전|해어화|검사외전|오피스|무뢰한|살인의뢰|황제를 위하여|역린|하이힐|찌라시: 위험한 소문|남자가 사랑할 때|동창생|사이코메트리|신세계|히트|여의도|걸프렌즈|백야행|정승필 실종사건|무방비도시|해바라기|무영검|미스터 소크라테스|여자, 정혜|귀신이 산다|화성으로 간 사나이|성냥팔이 소녀의 재림|케이티|반칙왕|태양은 없다|해가 서쪽에서 뜬다면|남자이야기|넘버 3|무서운 이야기 2",43
윤제문,남자,"타짜: 원 아이드 잭|후쿠오카|상류사회|옥자|아빠는 딸|아수라|덕혜옹주|대배우|널 기다리며|쓰리 썸머 나잇|나의 독재자|해무(海霧)|동창생|고령화 가족|전설의 주먹|나는 공무원이다|퀵|평양성|폭풍전야|이웃집 남자|마더|그림자 살인|차우|좋은 놈, 나쁜 놈, 이상한 놈 |소년감독|대한이, 민국씨|어깨 너머의 연인|우아한 세계|그놈 목소리|열혈남아|괴물|비열한 거리|로망스|너는 내 운명|남극일기|귀신이 산다|이공|정글쥬스|인플루엔자|싱크 & 라이즈|쇼미|순간접착제|해 아래 햇살|인류멸망 보고서",44
이범수,남자,"자전차왕 엄복동|출국|작쩐|인천상륙작전 : 익스텐디드 에디션(확장판)|인천상륙작전|순정|뷰티 인사이드|신의 한 수|아이리스 2 : 더 무비|시체가 돌아왔다|홍길동의 후예|정승필 실종사건|킹콩을 들다|슬픔보다 더 슬픈 이야기|고死 : 피의 중간고사|조폭마누라3|잘 살아보세|짝패|음란서생|이대로, 죽을 순 없다(Short Time)|잠복근무|슈퍼스타 감사용|안녕! 유에프오|오! 브라더스|싱글즈|몽정기|일단뛰어|정글쥬스|하면 된다|아나키스트|러브(LOVE)|신장개업|태양은 없다|해가 서쪽에서 뜬다면|남자의 향기|퇴마록|접속|고스트 맘마|은행나무 침대|그래 가끔 하늘을 보자|베리 굿|세개의 거울|꼭두각시",43
김의성,남자,"특송|어쩌다, 결혼|창궐|도청(가제)|골든슬럼버|강철비|돌멩이|더 킹|당신자신과 당신의 것|춘몽|부산행|탐욕의 별|내부자들: 디 오리지널|극적인 하룻밤|내부자들|검은 사제들|특종: 량첸살인기|암살|오피스|스물|살인의뢰|빅매치|소수의견|자유의 언덕|찌라시: 위험한 소문|용의자|관상|런닝맨|누구의 딸도 아닌 해원|26년|남영동1985|건축학개론|북촌방향|주노명 베이커리|억수탕(3pm Paradise)|바리케이드|돼지가 우물에 빠진 날|진짜 사나이|무소의 뿔처럼 혼자서 가라|엄마에게 애인이 생겼어요|네온 속으로 노을지다|불편한 동행|겨울의 피아니스트",43
설경구,남자,퍼펙트맨|킹메이커 : 선거판의 여우|자산어보|생일|우상|1987|니 부모 얼굴이 보고 싶다|살인자의 기억법 : 새로운 기억|살인자의 기억법|불한당: 나쁜 놈들의 세상|루시드 드림|조작|서부전선|나의 독재자|소원|감시자들|스파이|타워|해결사|용서는 없다|여행자|내 사랑 내 곁에|해운대|강철중: 공공의 적 1-1|싸움|그놈 목소리|열혈남아|사랑을 놓치다|공공의 적 2|역도산|실미도|영매-산자와 죽은자의 화해|광복절 특사|오아시스|공공의 적|나도 아내가 있었으면 좋겠다|단적비연수|새는 폐곡선을 그린다|박하사탕|송어|유령|처녀들의 저녁식사|카멜리아,43
라미란,여자,정직한 후보|걸캅스|내안의 그놈|점박이 한반도의 공룡2 : 새로운 낙원|상류사회|특별시민|보통사람|덕혜옹주|봉이 김선달|히말라야|대호|미쓰 와이프|워킹걸|국제시장|나의 사랑 나의 신부|피끓는 청춘|소원|스파이|연애의 온도|남쪽으로 튀어|자칼이 온다|공모자들|두 개의 달|차형사|댄싱퀸|청춘그루브|댄스타운|그대를 사랑합니다|아이들...|헬로우 고스트|육혈포 강도단|죽이고 싶은|펜트하우스 코끼리|거북이 달린다|박쥐|미인도|미쓰 홍당무|그녀는 예뻤다|마을금고 연쇄습격사건|잘 살아보세|괴물|음란서생|친절한 금자씨,43
이철민,남자,로드킬|더 폰|연평해전|위험한 상견례 2|검은손|우리는 형제입니다|친구 2|청춘정담|아부의 왕|범죄와의 전쟁: 나쁜놈들 전성시대|Mr.아이돌|고양이: 죽음을 보는 두 개의 눈|수상한 고객들|로맨틱 헤븐|황해|퀴즈왕|이끼|시크릿|청담보살|굿모닝 프레지던트|아기와 나|바르게 살자|아들|마파도2|거룩한 계보|공필두|박수칠 때 떠나라|아는 여자|페이스|보스 상륙 작전(Boss X File)|라이터를 켜라|유령|간첩 리철진|기막힌 사내들|똑바로 살아라|투캅스 2|48+1|아빠는 보디가드|개벽|장군의 아들 2|간만에 나온 종각이|묻지마 패밀리,42
배성우,남자,변신|출장수사|지푸라기라도 잡고 싶은 짐승들|안시성|꾼|더 킹|사랑하기 때문에|엽기적인 그녀 2|섬. 사라진 사람들|나를 잊지 말아요|내부자들: 디 오리지널|열정같은소리하고있네|내부자들|더 폰|특종: 량첸살인기|뷰티 인사이드|고백할 수 없는|오피스|베테랑|워킹걸|상의원|빅매치|나의 독재자|나의 사랑 나의 신부|인간중독|보호자|몬스터|캐치미|집으로 가는 길|파파로티|공정사회|남자사용설명서|범죄소년|내가 살인범이다|카운트다운|의뢰인|모비딕|오늘 뭐해?|김복남 살인사건의 전말|미쓰 홍당무|보스턴 1947|사랑의 묘약,42
하정우,남자,"백두산|PMC: 더 벙커|클로젯|신과함께-인과 연|1987|신과함께-죄와 벌|서서평, 천천히 평온하게|싱글라이더|터널|아가씨|암살|허삼관|군도: 민란의 시대|롤러코스터|더 테러 라이브|베를린|577 프로젝트|러브픽션|범죄와의 전쟁: 나쁜놈들 전성시대|의뢰인|황해|평행이론|국가대표|보트|잘 알지도 못하면서|멋진 하루|비스티 보이즈|추격자|우리 생애 최고의 순간|숨|두 번째 사랑|구미호 가족|시간|용서받지 못한 자|잠복근무|슈퍼스타 감사용|마들렌|보스턴 1947|티파니에서 아침을",39
이병헌,남자,"비상선언|백두산|남산의 부장들|그것만이 내 세상|남한산성|싱글라이더|마스터|매그니피센트 7|밀정|미스컨덕트|내부자들: 디 오리지널|내부자들|협녀, 칼의 기억|터미네이터 제니시스|레드: 더 레전드|지.아이.조 2|광해, 왕이 된 남자|인플루언스|악마를 보았다|악마를 보았다 감독판|아이리스 더 무비|지.아이.조 : 전쟁의 서막|나는 비와 함께 간다|좋은 놈, 나쁜 놈, 이상한 놈 |좋은 놈, 나쁜 놈, 이상한 놈(칸버전)|그해 여름|달콤한 인생|누구나 비밀은 있다|쓰리, 몬스터 '컷'|중독|마리이야기|번지점프를 하다|공동경비구역 JSA|내 마음의 풍금|지상만가|그들만의 세상|아마게돈|런어웨이|누가 나를 미치게 하는가|쉐어 더 비전|쓰리 몬스터",41
최태환,남자,"맞짱|바람 바람 바람|리얼|공조|커터|개: dog eat dog|하프|살인의뢰|국제시장|우리는 형제입니다|하이힐|용의자|캐치미|더 파이브|스파이|나의 PS 파트너 |노크|나는 왕이로소이다|시체가 돌아왔다|최종병기 활|헤드|평양성|구르믈 버서난 달처럼|거북이 달린다|김씨표류기|DMZ, 비무장지대|나두야 간다|하류인생|어깨동무|내사랑 싸가지|런투유(RUN 2 U)|2009로스트메모리즈|나에게 오라|테러리스트|변신전사 트렌스토디|땡칠이와 쌍라이트|우주 경찰 휴먼 파워 2|쌍둥이 영구와 대부|별당 형래와 여의주 작전|영구 헐크와 형래 대부",40
유재명,남자,비스트|나를 찾아줘|소리도 없이|킹메이커 : 선거판의 여우|비밀의 정원|영주|명당|죄 많은 소녀|봄이가도|골든슬럼버|메리 크리스마스 미스터 모|하루|내부자들: 디 오리지널|대호|내부자들|4등|베테랑|메이드 인 차이나|따라지 : 비열한 거리|제보자|터널 3D|황제를 위하여|몬스터|캐치미|동창생|관상|인간의 숲|남쪽으로 튀어|자칼이 온다|범죄와의 전쟁: 나쁜놈들 전성시대|바람|무방비도시|눈부신 날에|사생결단|청연|연애|흑수선|주여!|해수탕 여인,39
황정민,남자,"인질(가제)|다만 악에서 구하소서|공작|군함도|군함도 감독판|아수라|곡성|검사외전|히말라야|베테랑|국제시장|남자가 사랑할 때|전설의 주먹|신세계|댄싱퀸|모비딕|평양성|부당거래|끝과 시작|구르믈 버서난 달처럼|그림자 살인|슈퍼맨이었던 사나이|행복|검은 집|사생결단|내 생애 가장 아름다운 일주일|너는 내 운명|천군|달콤한 인생|여자, 정혜|마지막 늑대|바람난 가족|이공|로드무비|YMCA야구단|와이키키 브라더스|쉬리|그녀|오감도",39
이상희,여자,"니나 내나|당신의 부탁|7년의 밤|국도극장|호랑이보다 무서운 겨울손님|아이 캔 스피크|컴, 투게더|춘천, 춘천|눈꺼풀|누에치던 방|연애담|터널|탐정 홍길동: 사라진 마을|비밀은 없다|글로리데이|퇴마: 무녀굴|마돈나|어떤날, 서울|철원기행|영도|차이나타운|쎄시봉|나의 사랑 나의 신부|만신|한 번도 안 해본 여자|여보세요|여자의 아내|아무것도 아니지만|벨빌|바람이 분다 |뜨개질|충심, 소소|초대|오늘, 우리|우리 지금 만나|노맨스랜드|2016 대단한단편영화제-배우 특별전: 이상희|9월 수요단편극장 ""여배우의 힘 - 이상희, 김새벽, 천우희""",38
구교환,남자,반도|메기|꿈의 제인|우리 손자 베스트|오늘영화|김씨표류기|세 마리|걸스 온 탑|방과 후 티타임 리턴즈|플라이 투 더 스카이|뎀프시롤: 참회록|4학년 보경이|연애다큐|서울생활|Welcome to my home |왜 독립영화 감독들은 DVD를 주지 않는가?|거북이들|구해줘! |남매의 집|죽기직전 그들|포커스 한국단편3|인디스데이 3월 단편|SESIFF2016 경쟁4 다른 곳으로부터|경쟁 2 - 2016 전북독립영화제|AISFF2016 국내경쟁 1|제14회 미쟝센 단편영화제 전년도 수상작3|제14회 미쟝센 단편영화제 사랑에 관한 짧은 필름3|1월 단편 상상극장-해피 뉴 스타|서울독립영화제 2015 특별단편 5|11월 단편 상상극장-제9회 대단한 단편영화제 수상작 모음|2015 GSFF 단편 경쟁 4|SESIFF 2015 경쟁9 - 21세기의 섹스|BiFan2015 판타스틱 단편 걸작선 5|제16회 대구단편영화제 경쟁1|어제영화-구교환&이옥섭 감독 단편 |인디포럼2015 꿈결의 연애담|제13회 미쟝센 단편영화제 희극지왕1|서울연애,38
신정근,남자,"식구|대장 김창수|대결|위험한 상견례 2|해적: 바다로 간 산적|끝까지 간다|더 파이브|깡철이|은밀하게 위대하게|바람과 함께 사라지다|차형사|시체가 돌아왔다|하울링|적과의 동침|평양성|방가? 방가!|구르믈 버서난 달처럼|애자|킹콩을 들다|거북이 달린다|신기전|님은 먼 곳에|더 게임|즐거운 인생|날아라 허동구|동갑내기 과외하기 레슨 2|라디오 스타|잘 살아보세|사생결단|구세주|왕의 남자|달마야, 서울 가자|아홉살 인생|황산벌|와일드 카드|챔피언|복수는 나의 것|일팔일팔(1818)",38
마동석,남자,나쁜 녀석들: 더 무비|노리개: 그녀의 눈물|악인전|백두산|시동|성난황소|동네사람들|원더풀 고스트|신과함께-인과 연|챔피언|신과함께-죄와 벌|부라더|범죄도시|특별시민|두 남자|부산행|굿바이 싱글|섬. 사라진 사람들|함정|악의 연대기|베테랑|일대일|군도: 민란의 시대|살인자|결혼전야|더 파이브|배우는 배우다|감기|뜨거운 안녕|공정사회|노리개|반창꼬|이웃사람|노리개 무삭제 확장판|범죄와의 전쟁: 나쁜놈들 전성시대|우리 만난 적 있나요|부당거래|래빗,38
조성하,남자,"5.18 힌츠페터 스토리|타클라마칸|히말라야|용의자|동창생|명왕성|비정한 도시 감독판|R2B: 리턴투베이스|5백만불의 사나이|비정한 도시 (미개봉)|화차|결정적 한방|오직 그대만|파수꾼|황해|살인의 강|된장|그녀에게|집행자|친애하는 음악: 다시 말해서, 오후 한 시 가회동에서 만난 그들이 바다로 가는 판타지|나의 친구, 그의 아내|저수지에서 건진 치타|파란자전거|신데렐라|플라이 대디|여교수의 은밀한 매력|피터팬의 공식|야수|싸움의 기술|강력 3반|양아치어조|깃|거미숲|미소|화산고|실종자(들)|황금시대",37
이선균,남자,기생충|킹메이커 : 선거판의 여우|악질경찰|PMC: 더 벙커|미옥|임금님의 사건수첩|성난 변호사|끝까지 간다|우리 선희|누구의 딸도 아닌 해원|내 아내의 모든 것|화차|체포왕|쩨쩨한 로맨스|옥희의 영화|파주|로맨틱 아일랜드|밤과 낮|우리 동네|잔혹한 출근|손님은 왕이다|사과|에로틱 번뇌 보이|알포인트|인어 공주|쇼쇼쇼(Show Show Show)|국화꽃 향기|보스 상륙 작전(Boss X File)|좋은사람있으면 소개시켜줘|서프라이즈|일단뛰어|첩첩산중|히치하이킹|어떤 방문|최진성 단편 콜렉션 1|최진성 단편 콜렉션 2,36
최무성,남자,귀신의 향기|롱 리브 더 킹: 목포 영웅|뜨거운 피|항거:유관순 이야기|살아남은 아이|7호실|미옥|1급기밀|여자전쟁: 도기의 난|설행_눈길을 걷다|순수의 시대|4등|조선명탐정 : 사라진 놉의 딸|관능의 법칙|조난자들|연애의 온도|베를린|풍산개|조선명탐정 : 각시투구꽃의 비밀|악마를 보았다|방자전|베스트셀러|10억|사람을 찾습니다|아름답다|세븐 데이즈|열세살 수아|음란서생|사과|살결|강적|극장전|에덴의 서쪽|이빨 두 개|걱정말아요|가족시네마,36
송강호,남자,"비상선언|나랏말싸미|기생충|마약왕|택시운전사|제5열|밀정|사도|변호인|관상|설국열차|하울링|푸른소금|의형제|박쥐|좋은 놈, 나쁜 놈, 이상한 놈 |좋은 놈, 나쁜 놈, 이상한 놈(칸버전)|밀양|우아한 세계|괴물|친절한 금자씨|남극일기|효자동 이발사|살인의 추억|YMCA야구단|복수는 나의 것|공동경비구역 JSA|반칙왕|쉬리|조용한 가족|넘버 3|초록물고기|돼지가 우물에 빠진 날|청출어람|사랑의 힘|동창회",36
정우성,남자,"지푸라기라도 잡고 싶은 짐승들|정상회담|증인|인랑|그날, 바다|강철비|더 킹|아수라|나를 잊지 말아요|마담 뺑덕|신의 한 수|세가지 색 - 삼생|감시자들|아테나: 전쟁의 여신|검우강호|호우시절|좋은 놈, 나쁜 놈, 이상한 놈 |좋은 놈, 나쁜 놈, 이상한 놈(칸버전)|중천|데이지|새드무비|내 머리 속의 지우개|똥개|무사|러브(LOVE)|유령|태양은 없다|모텔 선인장|비트|상해탄 |본 투 킬|구미호|경계에서|선물|방아쇠",35
조재윤,남자,"영웅|더 펜션|범죄도시|시간위의 집|중2라도 괜찮아|프리즌|비정규직 특수요원|역모-반란의 시대|날, 보러와요|그날의 분위기|내부자들: 디 오리지널|내부자들|살인의뢰|워킹걸|아빠를 빌려드립니다|용의자|미스터 고|7번방의 선물|특수본|체포왕|그대를 사랑합니다|황해|불량남녀|미스터좀비|아저씨|부산|국가대표|작전|마린보이|스토리 오브 와인|중천|사랑 따윈 필요 없어|그때 그 사람들|안녕! 유에프오|독개구리",35
배유람,남자,엑시트|내일의 기억(가제)|파이프라인|찬실이는 복도 많지|걸캅스|뺑반|뷰티풀 보이스|지금 만나러 갑니다|청년경찰|범죄의 여왕|터널|굿바이 싱글|장기왕 : 가락시장 레볼루션|섬. 사라진 사람들|성난 변호사|차이나타운|소셜포비아|워킹걸|패션왕|나의 독재자|타짜-신의 손|족구왕|18: 우리들의 성장 느와르|끝까지 간다|누구의 딸도 아닌 해원|북촌방향|찔리는 이야기|기사선생|그리고 가을이 왔다|만일의 세계|월동준비|하우스메이트|클럽 레인보우|구경|우리 지금 만나,35
김혜수,여자,국가부도의 날|미옥|굿바이 싱글|차이나타운|관상|도둑들|이층의 악당|모던보이|열한번째 엄마|좋지 아니한가|바람피기 좋은 날|타짜|분홍신|얼굴 없는 미녀|YMCA야구단|쓰리|쓰리 메모리즈|신라의 달밤|닥터 K|투 타이어드 투 다이|찜|미스터 콘돔|닥터 봉|남자는 괴로워|영원한 제국|블루 시걸|첫사랑|잃어버린 너|오세암(극영화)|어른들은 몰라요|그 마지막 겨울|수렁에서 건진 내 딸 2|깜보,33
박희순,남자,"광대들: 풍문조작단|점박이 한반도의 공룡2 : 새로운 낙원|리벤져|마녀|썬키스 패밀리|히치하이크|물괴|1987|남한산성|브이아이피|머니백|올레|용의자|연소, 석방, 폭발, 대적할 이가 없는|뒷담화: 감독이 미쳤어요|가비|간기남|의뢰인|혈투|맨발의 꿈|10억|우리 집에 왜 왔니|작전|나의 친구, 그의 아내|바보|헨젤과 그레텔|세븐 데이즈|러브토크|남극일기|귀여워|가족|보스 상륙 작전(Boss X File)|별리섬|그녀의 연기 |2001 이매진",35
김인권,남자,"장사리 : 잊혀진 영웅들|아직 사랑하고 있습니까?|접전: 갑을 전쟁|리벤져|배반의 장미|비밥바룰라|물괴|고산자, 대동여지도|히말라야|약장수|쎄시봉|타짜-신의 손|신의 한 수|신이 보낸 사람|전국노래자랑|타워|강철대오:구국의 철가방|광해, 왕이 된 남자|퀵|초능력자|방가? 방가!|이웃집 남자|숙명|용의주도 미스신|마이 파더|신부수업|말죽거리 잔혹사|플라스틱 트리|쉬브스키|공포택시|아나키스트|송어|챠오",33
박정민,남자,타짜: 원 아이드 잭|다만 악에서 구하소서|시동|사바하|사냥의 시간(가제)|변산|염력|그것만이 내 세상|하루|임금님의 사건수첩|아티스트: 다시 태어나다|더 킹|순정|동주|오피스|태양을 쏴라 무삭제판|태양을 쏴라|들개|피끓는 청춘|감기|전설의 주먹|댄싱퀸|파수꾼|내 사랑|붉은 손|종말의 바보|그룹 스터디|연애담|세상의 끝|무서운 이야기 3 : 화성에서 온 소녀|신촌좀비만화|무서운 이야기 3 '로드레이지'|유령,33
이정재,남자,다만 악에서 구하소서|사바하|도청(가제)|신과함께-인과 연|신과함께-죄와 벌|대립군|인천상륙작전 : 익스텐디드 에디션(확장판)|인천상륙작전|대역전|암살|빅매치|관상|신세계|도둑들|도둑들 영화를 만들다|하녀|1724 기방난동사건|태풍|오! 브라더스|오버 더 레인보우|흑수선|선물|순애보|시월애|인터뷰|이재수의 난|태양은 없다|정사|박대박|불새|알바트로스|젊은 남자|MOB 2025 1편 : 전운,33
박해일,남자,"나랏말싸미|행복의 나라로(가제)|군산: 거위를 노래하다|상류사회|남한산성|덕혜옹주|컨트롤|필름시대사랑|나의 독재자|제보자|경주|산타바바라|고령화 가족|은교|최종병기 활 감독확장판|최종병기 활|짐승의 끝|심장이 뛴다|이끼|10억|모던보이|극락도 살인사건|괴물|소년, 천국에 가다|연애의 목적|인어 공주|국화꽃 향기|질투는 나의 힘|와이키키 브라더스|동행|디 엔드|모빌|오디션",33
류승룡,남자,"입술은 안돼요(가제)|인생은 아름다워(가제)|극한직업|7년의 밤|염력|제5열|서울역|도리화가|손님|리오 2|표적|명량|캡틴 하록|7번방의 선물|가디언즈|광해, 왕이 된 남자|내 아내의 모든 것|사랑오감|최종병기 활 감독확장판|최종병기 활|고지전|지구대표 롤링스타즈|아이들...|평양성|퀴즈왕|베스트셀러|된장|시크릿|불신지옥|열한번째 엄마|황진이|고마운 사람|다섯 개의 시선",33
성동일,남자,두번할까요|변신|담보|안시성|탐정: 리턴즈|레슬러|반드시 잡는다|청년경찰|중2라도 괜찮아|리얼|사랑하기 때문에|희생부활자|특별수사: 사형수의 편지|비밀|탐정 : 더 비기닝|허삼관|수상한 그녀|미스터 고|피노키오: 당나귀 섬의 비밀|가문의 영광5 - 가문의 귀환|바람과 함께 사라지다|아부의 왕|미쓰GO|특수본|수상한 고객들|아이들...|페스티발|마음이2|홍길동의 후예|국가대표 완결판-못 다한 이야기|국가대표|원스어폰어타임|7인의 새벽,33
류승범,남자,"타짜: 원 아이드 잭|인간, 공간, 시간 그리고 인간|그물|나의 절친 악당들|베를린|용의자X|시체가 돌아왔다|수상한 고객들|페스티발|부당거래|방자전|용서는 없다|다찌마와리|라듸오 데이즈|만남의 광장|아치와 씨팍|가족의 탄생|사생결단|야수와 미녀|주먹이 운다(Crying Fist)|아라한 장풍대작전|이공|품행제로|피도 눈물도 없이|와이키키 브라더스|킬러들의 수다|죽거나 혹은 나쁘거나|디 엔드|나와 통하는 다음검색 : 빽|비밀과 거짓말 |다찌마와리|내 나이키|인류멸망 보고서",33
박혁권,남자,"출국|기도하는 남자|해치지않아|더 펜션|장산범|택시운전사|아빠는 딸|나홀로 휴가|특별수사: 사형수의 편지|오늘영화|출중한 여자|사이코메트리|의뢰인|세상에서 가장 아름다운 이별|기타가 웃는다|도약선생|혜화, 동|계몽영화|의형제|반두비|차우|은하해방전선|더 바디|무덤가|가족계획|다시|졸업영화|이렇게는 계속할 수 없어요.|데자뷰|소설, 영화와 만나다|시선 너머|할 수 있는 자가 구하라",32
유지태,남자,돈|살인마 잭의 집|사바하|꾼|스플릿|대배우|더 테너 리리코 스핀토|더테너 리리코 스핀토 감독판|마이 라띠마|심야의 F.M.|희망의 별 - 이퀘지레템바|비밀애|순정만화|황진이|가을로|야수|장님은 무슨 꿈을 꿀까요|남극일기|여자는 남자의 미래다|올드보이|내츄럴시티|거울속으로|자전거 소년|봄날은 간다|리베라메|가위|동감|주유소 습격사건|바이 준|초대|나도 모르게|MOB 2025 1편 : 전운,32
정유미,여자,82년생 김지영|염력|더 테이블|부산행|히말라야|맨홀|우리별 일호와 얼룩소|깡철이|우리 선희|다른나라에서|도가니|조금만 더 가까이|옥희의 영화|내 깡패 같은 애인|카페 느와르|10억|차우|잘 알지도 못하면서|그녀들의 방|오이시맨|좋지 아니한가|가족의 탄생|사랑니|달콤한 인생|산나물 처녀|겨울의 피아니스트|리스트|첩첩산중|폴라로이드 작동법|사이에 두고|연인들|9시 5분,32
양익준,남자,"박화영|시인의 사랑|아, 황야|아, 황야 2|춘몽|계춘할망|나의 절친 악당들|사이비|가족의 나라|돼지의 왕|집 나온 남자들|향기의 상실|똥파리|바라만본다|라라라|시바타와 나가오 |디파쳐|미성년|사랑은 단백질|아무 말도 할 수 없다|드라이버|바람이 분다|그냥 가|낙원|인간적으로 정이 안가는 인간|노량진 토토로|파출부, 아니다|인디스데이 3월 단편|5월 수요단편극장 “김종관 & 양익준 감독展”|애정만세|연인들|Dir/Actors 6. 양익준 단편",32
신하균,남자,선물|앵커|나의 특별한 형제|바람 바람 바람|7호실|악녀|올레|순수의 시대|순수의 시대 무삭제편|빅매치|런닝맨|퍼스트 포지션|고지전|페스티발|카페 느와르|박쥐|더 게임|예의없는 것들|박수칠 때 떠나라|웰컴 투 동막골|우리 형|화성으로 간 사나이|지구를 지켜라|서프라이즈|복수는 나의 것|킬러들의 수다|공동경비구역 JSA|커밍 아웃|간첩 리철진|기막힌 사내들|나와 통하는 다음검색 : 털|묻지마 패밀리,32
정재영,남자,기묘한 가족|밤의 해변에서 혼자|열정같은소리하고있네|지금은맞고그때는틀리다|역린|방황하는 칼날|플랜맨|열한시|우리 선희|내가 살인범이다|카운트다운|글러브|이끼|김씨표류기|신기전|강철중: 공공의 적 1-1|바르게 살자|거룩한 계보|마이 캡틴 김대출|나의 결혼원정기|웰컴 투 동막골|귀여워|아는 여자|실미도|피도 눈물도 없이|킬러들의 수다|공포택시|죽거나 혹은 나쁘거나|조용한 가족|초록물고기|사방에 적|묻지마 패밀리,32
김꽃비,여자,"메기|임을 위한 행진곡|미완의 여행길로 떠나다|호텔룸|거짓말|원 컷 - 어느 친절한 살인자의 기록|죽도록 아름다운 세상|명왕성|1999, 면회|나나나 : 여배우 민낯 프로젝트|돼지의 왕|창피해|집|향기의 상실|죽이러 갑니다|똥파리|삼거리극장|짝패|가족의 탄생|6월의 일기|화기애애|여자, 정혜|B형 남자친구|질투는 나의 힘|4학년 보경이|사라진 시간 |우주에서 물구나무서기|미로아|이슬 후(後)|귀 鬼|이제 난 용감해질거야",31
한예리,여자,"인랑|챔피언|더 테이블|춘몽|최악의 하루|사냥|극적인 하룻밤|필름시대사랑|해무(海霧)|군도: 민란의 시대|동창생|경복|스파이|환상속의 그대|남쪽으로 튀어|코리아|모험|다시 태어나고 싶어요, 안양에|바다 쪽으로, 한 뼘 더|푸른 강은 흘러라|동행|물리수업|사십구일째 날|잘 되길 바라|달세계여행|기린과 아프리카|촌철살인|평범한 날들|할 수 있는 자가 구하라|귀 鬼",30
김윤석,남자,"바이러스(가제)|미성년|암수살인|1987|남한산성|당신, 거기 있어줄래요|검은 사제들|극비수사|쎄시봉|타짜-신의 손|해무(海霧)|화이: 괴물을 삼킨 아이|남쪽으로 튀어|도둑들|도둑들 영화를 만들다|완득이|황해|전우치|거북이 달린다|추격자|즐거운 인생|타짜|천하장사 마돈나|야수|파랑주의보|내 생애 가장 아름다운 일주일|시실리 2km|범죄의 재구성|울랄라씨스터즈|베사메무쵸|어린 연인",31
윤여정,여자,지푸라기라도 잡고 싶은 짐승들|찬실이는 복도 많지|그것만이 내 세상|죽여주는 여자|계춘할망|지금은맞고그때는틀리다|나의 절친 악당들|장수상회|자유의 언덕|고령화 가족|뒷담화: 감독이 미쳤어요|돈의 맛|다른나라에서|푸른소금|하녀|하하하|여배우들|가루지기|황진이|우리들의 행복한 시간|그때 그 사람들|바람난 가족|죽어도 좋은 경험|천사여 악녀가 되라|어미|코메리칸의 낮과 밤|여대생 또순이|충녀|화녀|산나물 처녀|리스트,31
김중기,남자,"더 블랙|설행_눈길을 걷다|설지|제보자|일대일|씨, 베토벤|만신|남영동1985|이방인들|사랑한다, 사랑하지 않는다|창피해|이태원 살인사건|10억|몽실언니|멋진 하루|대한이, 민국씨|아주 특별한 손님|그해 여름|강적|러브토크|내 머리 속의 지우개|주홍글씨|해피 에로 크리스마스|선택|일단뛰어|정글쥬스|북경반점|연풍연가|둘 하나 섹스|시간은 오래 지속된다|현빈",31
이주실,여자,"엄마의 공책|부산행|글로리데이|퇴마: 무녀굴|약장수|왓니껴|명량|결혼전야|동창생|타워|코리아|불꽃처럼 나비처럼|순정만화|서양 골동 양과자점 앤티크|아내가 결혼했다|님은 먼 곳에|식객|펀치레이디|검은 집|누가 그녀와 잤을까?|짝패|야수|사랑니|페이스|고독이 몸부림칠 때|4인용 식탁|굳세어라 금순아|결혼은, 미친짓이다|아름다운 청년 전태일|이혼하지 않은 여자",30
최민식,남자,"천문: 하늘에 묻는다|침묵|특별시민|대호|루시|명량|신세계|범죄와의 전쟁: 나쁜놈들 전성시대|마당을 나온 암탉|악마를 보았다|악마를 보았다 감독판|히말라야, 바람이 머무는 곳|친절한 금자씨|주먹이 운다(Crying Fist)|꽃피는 봄이 오면|올드보이|오원 장승업 취화선|취화선|파이란|해피엔드|쉬리|조용한 가족|넘버 3|사라는 유죄|우리사랑 이대로|우리들의 일그러진 영웅|추락하는 것은 날개가 있다|구로 아리랑|인형의 꿈|겨울의 길목",30
임창정,남자,게이트-완결판|게이트|로마의 휴일|치외법권|창수|공모자들|사랑이 무서워|불량남녀|육혈포 강도단|비처럼 음악처럼|청담보살|돌 플레이어|색즉시공 시즌2|스카우트|만남의 광장|1번가의 기적|아치와 씨팍|내 생애 가장 아름다운 일주일|파송송 계란탁|시실리 2km|위대한 유산|색즉시공|해적 디스코왕 되다|자카르타|행복한 장의사|해가 서쪽에서 뜬다면|엑스트라|비트|남부군,29
조재현,남자,봉이 김선달|나홀로 휴가|파리의 한국남자|역린|뫼비우스|무게|콘돌은 날아간다|더 킥|인플루언스|집행자|마린보이|천년학|한반도|로망스|맹부삼천지교|목포는 항구다|청풍명월(淸風明月)|스턴트맨|나쁜 남자|수취인불명|교도소 월드컵|얼굴|처녀들의 저녁식사|야생동물보호구역|내 안에 우는 바람|악어|카루나|영원한 제국|가슴에 돋는 칼로 슬픔을 자르고,29
김새벽,여자,"소설가 구보의 하루|킹메이커 : 선거판의 여우|벌새|국경의 왕|항거:유관순 이야기|동네사람들|얼굴들|풀잎들|어른도감|초행|그 후|누에치던 방|걷기왕|파란입이 달린 얼굴|설행_눈길을 걷다|태양의 아들|한여름의 판타지아|제보자|타짜-신의 손|이것이 우리의 끝이다|만신|줄탁동시|써니|수요기도회|새들이 돌아오는 시간|사려 깊은 밤|처음이 어렵지|말로는 힘들어|9월 수요단편극장 ""여배우의 힘 - 이상희, 김새벽, 천우희""",29
박병은,남자,악질경찰|안시성|더러운 돈에 손대지 마라|돌아온다|원라인|사냥|극적인 하룻밤|암살|악인은 살아 있다|상의원|우는 남자|몬스터|붉은 가족|연애의 온도|범죄와의 전쟁: 나쁜놈들 전성시대|아이들...|황해|인플루언스|평행이론|지구에서 사는 법|마린보이|약탈자들|똥파리|싸이보그지만 괜찮아|오로라 공주|색즉시공|빨간 모자|그냥 가|내안의 영화,29
김명곤,남자,"물의 기억|구르는 수레바퀴|강철비|대립군|명량|연애의 기술|광해, 왕이 된 남자|춘향뎐(春香傳)|정|내 안에 우는 바람|미끼|48+1|천재선언|영원한 제국|태백산맥|우연한 여행|서편제|명자 아끼꼬 쏘냐|개벽|어른들은 몰라요|나그네는 길에서도 쉬지 않는다|박철수의 헬로 임꺽정|미미와 철수의 청춘스케치|서울 황제|어우동|여자가 두번 화장할 때|바보선언|질투",28
임원희,남자,재혼의 기술|컬렉터|늦여름|천문: 하늘에 묻는다|각자의 미식|신과함께-죄와 벌|머니백|성난 변호사|쓰리 썸머 나잇|막걸스|뜨거운 안녕|나는 왕이로소이다|Mr.아이돌|대한민국 1%|다찌마와리|식객|죽어도 해피엔딩|펀치 스트라이크|주먹이 운다(Crying Fist)|실미도|재밌는 영화|이것이 법이다|공포택시|죽거나 혹은 나쁘거나|다찌마와리|황금시대|쓰리 몬스터|묻지마 패밀리,28
유준상,남자,"강변호텔|아직 안 끝났어|당신자신과 당신의 것|고산자, 대동여지도|내가 너에게 배우는 것들|지금은맞고그때는틀리다|성난 화가 - 무삭제판|성난 화가|꿈보다 해몽|표적|전설의 주먹|누구의 딸도 아닌 해원|잠베지아: 신비한 나무섬의 비밀|터치|R2B: 리턴투베이스|다른나라에서|북촌방향|이끼|하하하|로니를 찾아서|잘 알지도 못하면서|리턴|나의 결혼원정기|쇼쇼쇼(Show Show Show)|빨간 피터의 고백|가위|텔미썸딩|리스트",28
박인환,남자,엑시트|킹메이커 : 선거판의 여우|기묘한 가족|비밥바룰라|푸른노을|루시드 드림|수상한 그녀|홍길동의 후예|박쥐|행복|무도리|투 가이즈|마법의 성|울랄라씨스터즈|봄날은 간다|교도소 월드컵|하면 된다|간첩 리철진|산전수전|조용한 가족|투캅스 3|베이비 세일|돈을 갖고 튀어라|밀크초콜릿 1950-1990|영심이|나는 날마다 일어선다|삶의 향기,27
염정아,여자,"인생은 아름다워(가제)|시동|미성년|어쩌다, 결혼|뺑반|완벽한 타인|도청(가제)|장산범|카트|간첩|전우치|내 생애 최악의 남자|이장과 군수|오래된 정원|소년, 천국에 가다|새드무비|여선생 VS 여제자|범죄의 재구성|쓰리, 몬스터 '컷'|장화, 홍련|이공|H(에이치)|텔미썸딩|테러리스트|째즈빠 히로시마|사랑의 묘약|톰과 제리 ",27
정우,남자,뜨거운 피|더러운 돈에 손대지 마라|이웃 사촌|흥부: 글로 세상을 바꾼 자|제5열|재심|히말라야|쎄시봉|붉은 가족|바람|바람_감독판|숙명|스페어|다찌마와리|애정결핍이 두 남자에게 미치는 영향|짝패|사생결단|그때 그 사람들|돌려차기|그놈은 멋있었다|불어라 봄바람|바람난 가족|동갑내기 과외하기|품행제로|라이터를 켜라|인류멸망 보고서,26
이문식,남자,선감도|낙원의 밤|협상|게이트-완결판|게이트|중독노래방|특별수사: 사형수의 편지|미쓰GO|고래를 찾는 자전거|평양성|집 나온 남자들|로맨틱 아일랜드|마을금고 연쇄습격사건|마파도2|플라이 대디|구타유발자들|공필두|마파도|범죄의 재구성|어깨동무|황산벌|대한민국 헌법 제1조|라이터를 켜라|공공의 적|달마야 놀자|선물,26
소연,여자,"슈퍼 빼꼼: 스파이 대작전|터닝메카드W: 블랙미러의 부활|목숨 건 연애|달빛궁궐|카이: 거울 호수의 전설|탐정 : 더 비기닝|뷰티 인사이드|내 심장을 쏴라|나의 사랑 나의 신부|감기|세계일주|나의 PS 파트너 |오래된 인력거|꿍따리 유랑단|완벽한 파트너|흉터|짐승|링크|법정스님의 의자|오빠가 돌아왔다|수상한 이웃들|어쿠스틱|노르웨이의 숲|청출어람|미안해, 고마워",25
김서영,여자,뽀로로 극장판 보물섬 대모험|극장판 공룡메카드: 타이니소어의 섬|런닝맨 : 풀룰루의 역습|나쁜 상사|마야2|뽀로로 극장판 공룡섬 대모험|꼬마참새 리차드: 아프리카 원정대|극장판 파워레인저: 닌자포스 VS 트레인포스 닌자 인 원더랜드|달빛궁궐|매직브러시|뽀로로 극장판 컴퓨터 왕국 대모험|쥬로링 동물탐정 극장판|마야|극장판 뛰뛰빵빵 구조대 미션: 둥둥이를 구하라!|꼬마마녀 요요와 네네|스파이크|프렌즈: 몬스터섬의비밀 |개구리중사 케로로|망치|오세암|고양이의 보은|장금이의 꿈(애니)|뽀롱뽀롱뽀로로|오늘이|매직키드마수리,25
류덕환,남자,혼숨|위대한 소원|난폭한 기록|열정같은소리하고있네|뒷담화: 감독이 미쳤어요|누구의 딸도 아닌 해원|복숭아나무|링크|헤드|지구대표 롤링스타즈|퀴즈왕|그림자 살인|우리 동네|아들|천년여우 여우비|천하장사 마돈나|웰컴 투 동막골|어린 신부|마리이야기|비공식 개강총회|검지손가락|내 나이키|서울독립영화제 2015 특별단편 1|FALLing in JEONJU - 코리아시네마스케이프 단편|제14회 미쟝센 단편영화제 비정성시2,25
류현경,여자,"기도하는 남자|호랑이보다 무서운 겨울손님|아티스트: 다시 태어나다|열정같은소리하고있네|오피스|쓰리 썸머 나잇|나의 절친 악당들|제보자|만신|전국노래자랑|앵두야, 연애하자|두 번의 결혼식과 한 번의 장례식|마마|굿바이 보이|쩨쩨한 로맨스|시라노; 연애조작단|방자전|물 좀 주소|동해물과 백두산이|이사|날강도|슬로우 푸드, 패스트 푸드 |메밀꽃, 운수 좋은 날, 그리고 봄봄|첫사랑 열전|Dir/Actors 11. 여배우들 단편",25
김승우,남자,"두 번째 스물|잡아야 산다|배꼽|나는 아빠다|포화속으로|아이리스 더 무비|컬링 러브|연애, 그 참을 수 없는 가벼움|해변의 여인|천군|불어라 봄바람|역전에 산다|라이터를 켜라|예스터데이|비밀|신장개업|남자의 향기|꽃을 든 남자|깊은 슬픔|고스트 맘마|너희가 재즈를 믿느냐|코르셋|결혼만들기|장군의 아들 3|장군의 아들",25
김성균,남자,신의 한 수: 귀수편|싱크홀(가제)|점박이 한반도의 공룡2 : 새로운 낙원|명당|나와 봄날의 약속|골든슬럼버|채비|괴물들|보안관|탐정 홍길동: 사라진 마을|미안해 사랑해 고마워|퇴마: 무녀굴|살인의뢰|허삼관|우리는 형제입니다|군도: 민란의 시대|용의자|롤러코스터|화이: 괴물을 삼킨 아이|은밀하게 위대하게|남쪽으로 튀어|박수건달|이웃사람|577 프로젝트|범죄와의 전쟁: 나쁜놈들 전성시대,25
한석규,남자,우상|천문: 하늘에 묻는다|프리즌|상의원|파파로티|베를린|이층의 악당|백야행|눈에는 눈 이에는 이|사랑할 때 이야기하는 것들|구타유발자들|음란서생|미스터 주부퀴즈왕|그때 그 사람들|주홍글씨|이중간첩|텔미썸딩|쉬리|8월의 크리스마스|접속|넘버 3|초록물고기|은행나무 침대|닥터 봉|소금인형,25
김정태,남자,잡아야 산다|헬머니|내 심장을 쏴라|소녀괴담|깡철이|세계일주|남자사용설명서|7번방의 선물|박수건달|슈퍼스타|간기남|특수본|체포왕|방가? 방가!|마음이2|영도 다리|무방비도시|해바라기|강력 3반|우리 형|내 여자친구를 소개합니다|똥개|밀애|친구|나를 잊지 말아요,25
이성민,남자,"비스트|제8일의 밤|남산의 부장들|리멤버|미스터 주(가제)|마약왕|목격자|공작|바람 바람 바람|리얼|보안관|굿바이 싱글|검사외전|로봇, 소리|손님|빅매치|군도: 민란의 시대|방황하는 칼날|관능의 법칙|변호인|마이 리틀 히어로|베스트셀러|카페 느와르|비단구두|블랙&화이트",25
양지웅,남자,운동회|퇴마: 무녀굴|영도|못|도다리 - 리덕스|아이들...|바람|오디션|바보|내 마음에 불꽃이 있어|국경의 남쪽|마이 캡틴 김대출|얼굴 없는 미녀|보리울의 여름|친구|3인조|경찰+칠득이와 너털도사|채워질 수 없는 것들|잠수왕 무하마드|선정적인 감|초롱이의일기|산복도로에서산복도로를읽다|운하|아름다운 세상,24
윤진서,여자,재혼의 기술|리벤져|커피 메이트|태양을 쏴라 무삭제판|태양을 쏴라|경주|산타바바라|그녀가 부른다|영화판|결정적 한방|비밀애|이리|비스티 보이즈|두 사람이다|바람피기 좋은 날|울어도 좋습니까?|슈퍼스타 감사용|올드보이|취화선|아름다운 유년|고양이를 돌려줘|나의 새 남자친구|모빌|따로 또 같이,24
서영희,여자,죽지않는 인간들의 밤|여곡성|탐정: 리턴즈|탐정 : 더 비기닝|마돈나|배우는 배우다|비정한 도시 감독판|비정한 도시 (미개봉)|세상에서 가장 아름다운 이별|김복남 살인사건의 전말|청담보살|서양 골동 양과자점 앤티크|추격자|궁녀|권순분여사 납치사건|무도리|스승의 은혜|연리지|내 생애 가장 아름다운 일주일|마파도|라이어|클래식|질투는 나의 힘|바이 준,24
윤다경,여자,나를 잊지 말아요|인 허 플레이스|그놈이다|특종: 량첸살인기|다우더|인간중독|레드카펫|터치|콩가네|사물의 비밀|링크|초능력자|꿈은 이루어진다|야윈가슴|백야행|유감스러운 도시|D-day-어느날 갑자기 세번째 이야기|연애|범죄의 재구성|밀애|구두의 주인을 찾습니다|진통제|액체들,23
박주희,여자,상류사회|인랑|오목소녀|걷기왕|간신|치욕일기|경성학교: 사라진 소녀들|워킹걸|거인|미성년|마녀|우리 선희|누구의 딸도 아닌 해원|쉘터|만일의 세계|자전거 도둑|주(酒)는 마음|졸업여행|시선 사이|오오단편극장 - 이학주 배우전|서울연애|어떤 시선|여행,23
이미연,여자,좋아해줘|회사원|어깨 너머의 연인|태풍|중독|재밌는 영화|흑수선|인디안 썸머|물고기자리|주노명 베이커리|내 마음의 풍금|여고괴담|모텔 선인장|넘버 3|무소의 뿔처럼 혼자서 가라|결혼만들기|살어리랏다|눈꽃|가을여행|비개인 오후를 좋아하세요|그래 가끔 하늘을 보자|행복은 성적순이 아니잖아요|그게 아니고,23
백윤식,남자,명당|반드시 잡는다|덕혜옹주|내부자들: 디 오리지널|내부자들|관상|나는 왕이로소이다|돈의 맛|헤드|위험한 상견례|연인|마을금고 연쇄습격사건|브라보 마이 라이프|서핑 업|애정결핍이 두 남자에게 미치는 영향|타짜|천하장사 마돈나|싸움의 기술|그때 그 사람들|범죄의 재구성|지구를 지켜라|불후의 명작|단둘이서,23
공효진,여자,"가장 보통의 연애|뺑반|도어락|싱글라이더|미씽: 사라진 여자|고령화 가족|577 프로젝트|러브픽션|소와 함께 여행하는 법|미쓰 홍당무|지금, 이대로가 좋아요|다찌마와리|엠|행복|가족의 탄생|천군|품행제로|철없는 아내와 파란만장한 남편 그리고 태권소녀|긴급조치 19호|화산고|킬러들의 수다|여고괴담 두번째 이야기|그녀의 연기",23
김수미,여자,헬머니|전국노래자랑|가문의 영광4 - 가문의 수난|위험한 상견례|빨간모자의 진실 2|그대를 사랑합니다|육혈포 강도단|흑심모녀|만남의 광장|못말리는 결혼|마파도2|가문의 부활 - 가문의 영광3|다세포소녀|공필두|맨발의 기봉이|연리지|구세주|빨간모자의 진실|가문의 위기(가문의 영광2)|간 큰 가족|마파도|우뢰매 4탄 썬더브이출동|화순이,23
김주혁,남자,창궐|독전: 익스텐디드 컷|독전|흥부: 글로 세상을 바꾼 자|석조저택 살인사건|공조|당신자신과 당신의 것|비밀은 없다|좋아해줘|뷰티 인사이드|나의 절친 악당들|커플즈|투혼|적과의 동침|방자전|아내가 결혼했다|사랑 따윈 필요 없어|청연|광식이 동생 광태|어디선가 누군가에 무슨일이 생기면 틀림없이 나타난다 홍반장|싱글즈|YMCA야구단|세이예스,23
엄정화,여자,"오케이! 마담|미쓰 와이프|관능의 법칙|몽타주|댄싱퀸|마마|베스트셀러|끝과 시작|해운대|인사동 스캔들|지금 사랑하는 사람과 살고 있습니까?|Mr.로빈 꼬시기|호로비츠를 위하여|오로라 공주|내 생애 가장 아름다운 일주일|어디선가 누군가에 무슨일이 생기면 틀림없이 나타난다 홍반장|싱글즈|결혼은, 미친짓이다|마누라 죽이기|블루 시걸|바람부는 날이면 압구정동에 가야 한다|오감도",22
성지루,남자,"힘을 내요, 미스터 리|귀신의 향기|내게 남은 사랑을|전설의 주먹|써니|아이들...|용서는 없다|과속스캔들|잘못된 만남|우리 생애 최고의 순간|극락도 살인사건|손님은 왕이다|간 큰 가족|불어라 봄바람|바람난 가족|첫사랑 사수 궐기 대회|선생 김봉두|휘파람공주|가문의 영광|라이터를 켜라|공공의 적|신라의 달밤",22
강동원,남자,반도|인랑|쓰나미 LA|골든슬럼버|1987|마스터|가려진 시간|검사외전|검은 사제들|두근두근 내 인생|군도: 민란의 시대|초능력자|의형제|전우치|엠|그놈 목소리|우리들의 행복한 시간|형사 Duelist|늑대의 유혹|그녀를 믿지 마세요|더 엑스|카멜리아,22
이동휘,남자,어린 의뢰인|콜|극한직업|국도극장|부라더|원라인|재심|공조|럭키|도리화가|뷰티 인사이드|베테랑|패션왕|타짜-신의 손|우는 남자|청춘예찬|집으로 가는 길|밤의 여왕|감시자들|남쪽으로 튀어|출국심사,21
장리우,여자,"이장|장산범|파란입이 달린 얼굴|태양의 아들|내 심장을 쏴라|카트|발광하는 현대사|소수의견|10분|변호인|사이비|벌거숭이|코리아|방독피|혜화, 동|귀향|요가학원|고갈|새들이 돌아오는 시간|결혼전야|원 나잇 스탠드",21
한수현,남자,"걸캅스|어쩌다, 결혼|원더풀 고스트|공작|1987|대장 김창수|범죄도시|두 남자|터널|소시민|성난 변호사|악의 연대기|베테랑|역린|롤러코스터|더 테러 라이브|이웃사람|577 프로젝트|범죄와의 전쟁: 나쁜놈들 전성시대|용서받지 못한 자|핑키",21
손예진,여자,협상|지금 만나러 갑니다|덕혜옹주|나쁜놈은 죽는다 무삭제 특별판|비밀은 없다|나쁜놈은 죽는다|해적: 바다로 간 산적|공범|타워|오싹한 연애|백야행|아내가 결혼했다|무방비도시|천년여우 여우비|작업의 정석|외출|내 머리 속의 지우개|첫사랑 사수 궐기 대회|클래식|연애소설|취화선,21
박효주,여자,더 펜션|마차 타고 고래고래|섬. 사라진 사람들|극적인 하룻밤|극비수사|타짜-신의 손|더 파이브|감기|48미터|완득이|위험한 상견례|시크릿|청담보살|나는 행복합니다|추격자|레드 아이|슈퍼스타 감사용|불어라 봄바람|첫사랑 사수 궐기 대회|품행제로|하루,21
나문희,여자,감쪽같은 그녀|영웅|담보|정직한 후보|레슬러|오! 문희|아이 캔 스피크|수상한 그녀|육혈포 강도단|하모니|압록강은 흐른다|걸스카우트|권순분여사 납치사건|그놈 목소리|열혈남아|너는 내 운명|주먹이 운다(Crying Fist)|마리이야기|MBC 신파극 불효자는 웁니다|조용한 가족|드라이빙 미스 김옥분,21
박소담,여자,기생충|후쿠오카|특송|언더독|군산: 거위를 노래하다|대장 김창수|설행_눈길을 걷다|검은 사제들|사도|베테랑|경성학교: 사라진 소녀들|쎄시봉|상의원|마담 뺑덕|일대일|이쁜 것들이 되어라|소녀|잉투기|뱀파이어는 우리 옆집에 산다|고리|아름다운임종,21
엄태구,남자,"판소리 복서|낙원의 밤|안시성|어른도감|가려진 시간|밀정|차이나타운|살인캠프|잉투기|공정사회|가시|다시 태어나고 싶어요, 안양에|숲|하트바이브레이터|Keep Quiet|밤을 위한 춤|유숙자|무료항공권|유랑시대|계절과 같은|촌철살인",21
이민지,여자,사라진 밤|꿈의 제인|게임회사 여직원들|손님|차이나타운|비치하트애솔|현기증|발광하는 현대사|사이비|짐승의 끝|반신반의|슈우웅|뎀프시롤: 참회록|달이 기울면|세이프|물고기는 말이 없다|초대|애드벌룬|부서진 밤|서울연애,20
김영옥,여자,"눈길|헬머니|워킹걸|막걸스|봄, 눈|써니|식객2 : 김치전쟁|울학교 이티|강철중: 공공의 적 1-1|수|쏜다|올드미스다이어리|꽃피는 봄이 오면|불어라 봄바람|화이트 발렌타인|우묵배미의 사랑|비 오는 날 수채화|로보트 태권 V|구름은 흘러도|수업료",20
하지원,여자,담보|맨헌트|목숨 건 연애|허삼관|조선미녀삼총사|코리아|7광구|내 사랑 내 곁에|해운대|바보|1번가의 기적|형사 Duelist|키다리 아저씨|신부수업|내사랑 싸가지|역전에 산다|색즉시공|폰|가위|진실게임,20
전도연,여자,"지푸라기라도 잡고 싶은 짐승들|생일|남과 여|협녀, 칼의 기억|무뢰한|집으로 가는 길|카운트다운|하녀|멋진 하루|밀양|너는 내 운명|인어 공주|스캔들-조선남녀상열지사|피도 눈물도 없이|나도 아내가 있었으면 좋겠다|해피엔드|내 마음의 풍금|약속|접속|보금자리",20
송새벽,남자,특송|진범|해피 투게더|7년의 밤|도리화가|덕수리 5형제|도희야|내 연애의 기억|조선미녀삼총사|아부의 왕|7광구|위험한 상견례|시라노; 연애조작단|해결사|방자전|마더|고백|인류멸망 보고서|평범한 날들|BETWEEN,20
김명민,남자,장사리 : 잊혀진 영웅들|물괴|조선명탐정: 흡혈괴마의 비밀|브이아이피|하루|판도라|특별수사: 사형수의 편지|대배우|조선명탐정 : 사라진 놉의 딸|간첩|연가시|페이스메이커|조선명탐정 : 각시투구꽃의 비밀|파괴된 사나이|내 사랑 내 곁에|무방비도시|리턴|거울속으로|스턴트맨|소름,20
곽도원,남자,남산의 부장들|정상회담|패키지|강철비|특별시민|아수라|곡성|조선마술사|무뢰한|살인캠프|타짜-신의 손|CCTV|남자가 사랑할 때|변호인|분노의 윤리학|베를린|회사원|점쟁이들|범죄와의 전쟁: 나쁜놈들 전성시대|위대한 선수,20
최시형,남자,여자들|경복|다섯은 너무 많아|밤창문|연무|농담|핫 코너 |달세계여행|송한나|나를 떠나지 말아요|영시 |상냥한 쪽으로 |[인디포럼2016] 신작10 상처와 치유의 연대기 |11월 수요단편극장 [반짝반짝 빛나는: 김예은 배우 특별전]|서울독립영화제2015 경쟁단편 1|서울연애|촌철살인|Dir/Actors 3. Friends_신이수&이우정&이종필&최시형 단편|영시,19
심은경,여자,"신문기자|염력|특별시민|조작된 도시|걷기왕|서울역|궁합|널 기다리며|로봇, 소리|수상한 그녀|광해, 왕이 된 남자|써니 감독판|써니|로맨틱 헤븐|지구대표 롤링스타즈|퀴즈왕|반가운 살인자|불신지옥|헨젤과 그레텔",19
장현성,남자,"검객|펭귄-위대한 모험 2|커튼콜|성난 변호사|사랑이 이긴다|쎄시봉|화이: 괴물을 삼킨 아이|시간의 춤|나의 친구, 그의 아내|연애|마법사(들)|깃|거미숲|비디오를 보는 남자|라이터를 켜라|나비|진통제|서바이벌 게임|비수기",19
조한선,남자,접전: 갑을 전쟁|데자뷰|질투의 역사|돌아와요 부산항애(愛)|마차 타고 고래고래|멜리스|함정|치외법권|따라지: 비열한 거리 무삭제판|따라지 : 비열한 거리|무적자|주유소 습격사건 2|특별시 사람들|유감스러운 도시|달콤한 거짓말|마이 뉴 파트너|열혈남아|연리지|늑대의 유혹,19
조승우,남자,명당|내부자들: 디 오리지널|내부자들|암살|복숭아나무|퍼펙트 게임|불꽃처럼 나비처럼|고고 70|타짜|도마뱀|말아톤|하류인생|클래식|H(에이치)|YMCA야구단|후아유|와니와 준하|아미지몽|춘향뎐(春香傳),19
권상우,남자,신의 한 수: 귀수편|두번할까요|히트맨|탐정: 리턴즈|탐정 : 더 비기닝|그림자 애인|차이니즈 조디악|통증|포화속으로|슬픔보다 더 슬픈 이야기|숙명|청춘만화|야수|신부수업|말죽거리 잔혹사|동갑내기 과외하기|데우스 마키나 기계의 신|일단뛰어|화산고,19
서준영,남자,실종2|어떻게 헤어질까|권법형사 : 차이나타운|스피드|비치하트애솔|썸남썸녀|방황하는 칼날|파수꾼|회오리 바람|여교수의 은밀한 매력|피터팬의 공식|존재증명|오픈 유어 아이즈|내 노래를 들어줘|평양냉면|세컨어카운트|그리다|방 안의 코끼리,18
김윤진,여자,자백|담보|시간위의 집|국제시장|이웃사람|심장이 뛴다|하모니|농민가|세븐 데이즈|6월의 일기|밀애|예스터데이|아이언 팜|단적비연수|러쉬|쉬리|죽이는 이야기|울밑에 선 봉선화,18
김동욱,남자,"어쩌다, 결혼|탐정: 리턴즈|신과함께-인과 연|신과함께-죄와 벌|쓰리 썸머 나잇|후궁 : 제왕의 첩|고양이: 죽음을 보는 두 개의 눈|로맨틱 헤븐|반가운 살인자|카페 서울|국가대표 완결판-못 다한 이야기|국가대표|달콤한 거짓말|동거, 동락|후회하지 않아|아파트|사과|오감도",18
이유영,여자,집 이야기|입술은 안돼요(가제)|디바|악질경찰|원더풀 고스트|나를 기억해|아무것 또는 모든 것|풀잎들|허스토리|당신자신과 당신의 것|특근|그놈이다|간신|다른 세상에서|봄|미스터 쿠퍼|고란살|그녀의 냉면 계산법,18
강진아,여자,"한강에게|소공녀|범죄의 여왕|카이: 거울 호수의 전설|졸업반|돌연변이|발광하는 현대사|또 하나의 약속|더 테러 라이브|소년의 자리|나의 기념일 |보이지 않는 잠자는 여인, 뒤집힌 배 그리고 나비|무더운 날이 없던 것처럼|배드신|흔적|서울 137|강변북로에 서 있는 여자|내게 사랑은 너무 써",18
고두심,여자,엑시트|채비|바라던 바다|그랑프리|굿모닝 프레지던트|가족의 탄생|엄마|도마 안중근|인어 공주|이혼하지 않은 여자|나의 아내를 슬프게 하는 것들|1990년 자유부인|푸른계절의 열기|질투|두 여인|깃발없는 기수|아침에 퇴근하는 여자|유혹,18
배종옥,여자,"킹메이커 : 선거판의 여우|환절기|결백|반드시 잡는다|바람의 춤꾼|세상에서 가장 아름다운 이별|허브|러브토크|안녕, 형아|질투는 나의 힘|마리이야기|깊은 슬픔|걸어서 하늘까지|젊은 날의 초상|나는 날마다 일어선다|칠수와 만수|위안|오감도",18
이종혁,남자,두번할까요|출국|여중생A|엄마의 공책|파일 : 4022일의 사육|돼지 같은 여자|가디언즈|푸른소금|평행이론|미쓰 홍당무|라듸오 데이즈|용의주도 미스신|바람피기 좋은 날|죽음의 숲-어느날 갑자기 네번째 이야기|비열한 거리|미스터 소크라테스|신석기 블루스|말죽거리 잔혹사,18
박종환,남자,팡파레|소설가 구보의 하루|영하의 바람|메기|생일|얼굴들|밤치기|원라인|가려진 시간|양치기들|검사외전|오늘영화|보통소년|우린같이 영화를보고 소설을읽어|뎀프시롤: 참회록|백역사|비밀들과 사소한 것들|레디액션! 폭력영화,18
이제훈,남자,컬렉터|사냥의 시간(가제)|지구: 놀라운 하루|아이 캔 스피크|박열|탐정 홍길동: 사라진 마을|파파로티|분노의 윤리학|가디언즈|점쟁이들|건축학개론|고지전|파수꾼|인플루언스|친구사이?|미쓰 커뮤니케이션|몰디브 환상특급|귀 鬼,18
차태현,남자,신과함께-죄와 벌|사랑하기 때문에|엽기적인 그녀 2|슬로우 비디오|바람과 함께 사라지다|챔프|헬로우 고스트|과속스캔들|바보|복면달호|파랑주의보|새드무비|투 가이즈|해피 에로 크리스마스|첫사랑 사수 궐기 대회|연애소설|엽기적인 그녀|할렐루야,18
이청아,여자,"다시, 봄|해빙|연평해전|어느날,첫사랑이쳐들어왔다.|더 파이브|김종욱 찾기|좋은 놈, 나쁜 놈, 이상한 놈 |동갑내기 과외하기 레슨 2|썬데이 서울|늑대의 유혹|해피 에로 크리스마스|성냥팔이 소녀의 재림|반짝반짝 두근두근|멋진 하루|녹색 행성의 계략|편의점2시|눈물|첫사랑 열전",18
김래원,남자,가장 보통의 연애|롱 리브 더 킹: 목포 영웅|프리즌|희생부활자|강남 1970|강남1970(무삭제판)|마이 리틀 히어로|인사동 스캔들|꽃의 그림자|해바라기|미스터 소크라테스|어린 신부|...ing|2424|청춘|하피|남자의 향기,17
양정화,여자,극장판 헬로카봇 : 달나라를 구해줘!|극장판 헬로카봇: 옴파로스 섬의 비밀|극장판 공룡메카드: 타이니소어의 섬|극장판 헬로카봇 : 백악기 시대|극장판 에그엔젤 코코밍: 푸르밍과 두근두근 코코밍 세계|극장판 짱구는 못말려 : 습격!! 외계인 덩덩이|부릉! 부릉! 브루미즈: 스피더의 모험 일기|극장판 안녕 자두야|최강전사 미니특공대: 영웅의 탄생|생각보다 맑은|쥬로링 동물탐정 극장판|고스트 메신저 극장판|헬로 카봇|극장판 뛰뛰빵빵 구조대 미션: 둥둥이를 구하라!|극장판 토리코 : 미식신의 스페셜메뉴|아치와 씨팍|안녕 자두야 스페셜 : 인어공주,17
김향기,여자,증인|영주|신과함께-인과 연|신과함께-죄와 벌|눈길|특별수사: 사형수의 편지|오빠생각|우아한 거짓말|늑대소년-확장판|늑대소년|바람과 함께 사라지다|그대를 사랑합니다|웨딩드레스|그림자 살인|걸스카우트|방울토마토|마음이...,17
이솜,여자,"삼진그룹 영어토익반|나의 특별한 형제|소공녀|대립군|그래, 가족|범죄의 여왕|좋아해줘|마담 뺑덕|산타바바라|하이힐|하이힐(디렉터스컷)|사이코메트리|뒷담화: 감독이 미쳤어요|푸른소금|세상에서 가장 아름다운 이별|맛있는 인생|더 엑스",17
김민희,여자,강변호텔|풀잎들|그 후|클레어의 카메라|밤의 해변에서 혼자|아가씨|아가씨(확장판)|지금은맞고그때는틀리다|우는 남자|연애의 온도|뒷담화: 감독이 미쳤어요|화차|모비딕|여배우들|뜨거운 것이 좋아|서프라이즈|순애보,17
지진희,남자,"미안해 사랑해 고마워|적도|연애의 발동 : 상해 여자, 부산 남자|점쟁이들|러브픽션|토마스와 친구들 - 극장판 3|집 나온 남자들|평행이론|낙원-파라다이스|수|오래된 정원|여교수의 은밀한 매력|퍼햅스 러브|H(에이치)|얼굴값|여섯 개의 시선|방아쇠",17
전여빈,여자,낙원의 밤|인랑|천문: 하늘에 묻는다|해치지않아|죄 많은 소녀|메리 크리스마스 미스터 모|여배우는 오늘도|여자들|우리 손자 베스트|밀정|간신|바라던 바다|동승(同乘)|예술의 목적|언니가 죽었다|망|최고의 감독,17
류준열,남자,"봉오동 전투|돈|뺑반|리틀 포레스트|독전: 익스텐디드 컷|독전|침묵|택시운전사|더 킹|계춘할망|양치기들|글로리데이|섬. 사라진 사람들|로봇, 소리|소셜포비아|미드나잇 썬|동心",17
조복래,남자,예수보다 낯선|도어락|혼숨|범죄의 여왕|궁합|극적인 하룻밤|탐정 : 더 비기닝|차이나타운|쎄시봉|우리는 형제입니다|소수의견|명량|하이힐|몬스터|소원|미지의 왈츠|원나잇 온리,17
이주승,남자,대결|졸업반|소셜포비아|출중한 여자|썸남썸녀|셔틀콕|방황하는 칼날|누나|U.F.O.|작별들|간증|장례식의 멤버|사브라 |열병|평범한 날들|원 나잇 스탠드|DISTANCE,17
박보영,여자,너의 결혼식|열정같은소리하고있네|돌연변이|경성학교: 사라진 소녀들|피끓는 청춘|눈의 여왕|늑대소년-확장판|늑대소년|미확인 동영상 : 절대클릭금지|리오|정글피쉬|과속스캔들|초감각 커플|울학교 이티|릴레이|이퀄|시선 1318,17
윤계상,남자,유체이탈자(가제)|말모이|골든슬럼버|범죄도시|죽여주는 여자|극적인 하룻밤|소수의견|레드카펫|배우수업|풍산개|조금만 더 가까이|집행자|비스티 보이즈|6년째 연애중|발레 교습소|사랑의 가위바위보,16
김무열,남자,악인전|도터(가제)|정직한 후보|인랑|기억의 밤|대립군|머니백|연평해전|개들의 전쟁|은교|최종병기 활 감독확장판|최종병기 활|작전|메모리즈|멸공의 횃불|데이 드리밍,16
이정현,여자,리벤져|리틀 포레스트|암수살인|석조저택 살인사건|인천상륙작전|특종: 량첸살인기|마돈나|아일랜드 - 시간을 훔치는 섬|성실한 나라의 앨리스|좋은 친구들|소원|공모자들|오늘|기생령|김복남 살인사건의 전말|시,16
조수향,여자,배심원들|정직한 후보|소녀의 세계|소공녀|커피 느와르: 블랙 브라운|궁합|눈길|사돈의 팔촌|검은 사제들|그들이 죽었다|들꽃|여자 없는 세상|방과후 옥상|울게 하소서|집으로|11月,16
양동근,남자,죽지않는 인간들의 밤|천화|블랙가스펠2: 소울을 찾는 여정가운데 만난 사람들|블랙 가스펠|응징자|배우는 배우다|추적자|퍼펙트 게임|그랑프리|모노폴리|바람의 파이터|마지막 늑대|와일드 카드|해적 디스코왕 되다|수취인불명|해변으로가다,16
김남길,남자,기묘한 가족|클로젯|어느날|살인자의 기억법 : 새로운 기억|살인자의 기억법|판도라|도리화가|무뢰한|누구에게나 찬란한|해적: 바다로 간 산적|아마존의 눈물|폭풍전야|미인도|모던보이|후회하지 않아,15
김상경,남자,열두 번째 용의자|사라진 밤|1급기밀|궁합|살인의뢰|아빠를 빌려드립니다|몽타주|타워|하하하|화려한 휴가|조용한 세상|극장전|내 남자의 로맨스|살인의 추억|생활의 발견,15
박호산,남자,"콜|낙원의 밤|뷰티풀 보이스|이,기적인 남자|침묵|대립군|두 남자|범죄의 여왕|궁합|역모-반란의 시대|대배우|섬. 사라진 사람들|도리화가|족구왕|사이 : 여우비 내리다",15
임수정,여자,"당신의 부탁|더 테이블|시간이탈자|은밀한 유혹|내 아내의 모든 것|사랑한다, 사랑하지 않는다|김종욱 찾기|전우치|행복|싸이보그지만 괜찮아|각설탕|새드무비|...ing|장화, 홍련|피아노 치는 대통령",15
한효주,여자,"인랑|골든슬럼버|해어화|뷰티 인사이드|서툴지만, 사랑|쎄시봉|감시자들|반창꼬|광해, 왕이 된 남자|오직 그대만|천국의 우편배달부|멋진 하루|달려라 자전거|아주 특별한 손님|투사부일체",15
김예은,여자,항거:유관순 이야기|인랑|환절기|어둔 밤|호랑이보다 무서운 겨울손님|소공녀|필름시대사랑|암살|오늘영화|가시|이무기여도 괜찮아|스테이블|그 새끼를 죽였어야 했는데|너와 극장에서|11월 수요단편극장 [반짝반짝 빛나는: 김예은 배우 특별전],15
손현주,남자,"광대들: 풍문조작단|보통사람|사냥|더 폰|악의 연대기|숨바꼭질|은밀하게 위대하게 (확장판)|은밀하게 위대하게|공소시효|더 게임|펀치레이디|연리지|이대로, 죽을 순 없다(Short Time)|라이어|맹부삼천지교",15
전석호,남자,영화로운 나날|비밀의 정원|늦여름|미쓰백|봄이가도|7호실|루시드 드림|봉이 김선달|굿바이 싱글|작은 형|조난자들|싱글즈|하면 된다|직무유기|미열,15
유아인,남자,소리도 없이|국가부도의 날|버닝|좋아해줘|사도|베테랑|우아한 거짓말|우리별 일호와 얼룩소|깡철이|완득이|하늘과 바다|서양 골동 양과자점 앤티크|좋지 아니한가|우리에게 내일은 없다|씨네 21 영화토크쇼,15
태인호,남자,"배심원들|니나 내나|고산자, 대동여지도|특종: 량첸살인기|영도|오하이오 삿포로|도다리 - 리덕스|채식주의자|아빠가 여자를 좋아해|하얀 나비|눈부신 날에|귀신이 산다|돌려차기|하류인생|허기",15
문영동,남자,사랑의 선물|순수의 시대|명량|바람과 함께 사라지다|최종병기 활|미스터좀비|이웃집 남자|GP 506|이브의 유혹 - 엔젤|홀리데이|알포인트|미스터 콘돔|유리|서브로사,14
고수,남자,남한산성|석조저택 살인사건|루시드 드림|덕혜옹주|상의원|집으로 가는 길|반창꼬|고지전|초능력자|백야행|썸|하얀악마; 금요일 밤 택시드라이버|민우씨 오는 날|요조숙녀,14
강예원,여자,"나쁜 녀석들: 더 무비|왓칭|비정규직 특수요원|트릭|날, 보러와요|연애의 맛|내 연애의 기억|조선미녀삼총사|엘 꼰도르 빠사|점쟁이들|퀵|헬로우 고스트|하모니|1번가의 기적",14
이지현,여자,극장판 헬로카봇 : 달나라를 구해줘!|극장판 샤이닝스타:새로운 루나퀸의 탄생!|극장판 도라에몽: 진구의 달 탐사기|극장판 헬로카봇: 옴파로스 섬의 비밀|극장판 도라에몽: 진구의 보물섬|극장판 헬로카봇 : 백악기 시대|해적왕 작스톰|마징가 Z: 인피니티|터닝메카드W: 반다인의 비밀 특별판|딥|극장판 에그엔젤 코코밍: 푸르밍과 두근두근 코코밍 세계|리틀 폭스|플래그 더 문|헬로 카봇,14
김수현,남자,"뷰티풀 데이즈|1급기밀|리얼|열한시|너는 펫|우리 이웃의 범죄|스카우트|디워|사랑하니까, 괜찮아|미스터 소크라테스|안녕, 형아|역전의 명수|태극기 휘날리며|내츄럴시티",14
공유,남자,82년생 김지영|서복|밀정|부산행|남과 여|용의자|도가니|김종욱 찾기|용이간다|잠복근무|S 다이어리|슈퍼스타 감사용|그녀를 모르면 간첩|동갑내기 과외하기,14
우지현,남자,"박화영|당신의 부탁|환절기|검은 여름|7호실|아이 캔 스피크|춘천, 춘천|새출발|밤밤밤|미씽|티치 미|너와 극장에서|오오단편극장 - 이학주 배우전",13
김옥빈,여자,악녀|1급기밀|소수의견|열한시|뒷담화: 감독이 미쳤어요|시체가 돌아왔다|고지전|여배우들|박쥐|1724 기방난동사건|질주|다세포소녀|여고괴담 4 : 목소리,13
이광수,남자,타짜: 원 아이드 잭|싱크홀(가제)|나의 특별한 형제|탐정: 리턴즈|돌연변이|덕수리 5형제|좋은 친구들|다이노소어 어드벤처 3D|해양경찰 마르코|마이 리틀 히어로|간기남|원더풀 라디오|평양성,13
김고은,여자,"유열의 음악앨범|영웅|뺑반|변산|계춘할망|성난 변호사|협녀, 칼의 기억|차이나타운|몬스터|네버다이 버터플라이|은교|영아|현대 심리학의 이해",13
현빈,남자,"창궐|협상|꾼|공조|역린|아프리카의 눈물|사랑한다, 사랑하지 않는다|만추|나는 행복합니다|백만장자의 첫사랑|키다리 아저씨|돌려차기|내 이름은 김삼순",13
오지호,남자,수상한 이웃|질투의 역사|악몽|커피 메이트|대결|아일랜드 - 시간을 훔치는 섬|연애의 맛|바람과 함께 사라지다|7광구|아애천상인간|은장도|아이 러브 유|미인(美人),13
박정범,남자,파고|이 세상에 없는|춘몽|오늘영화|산다|일주일|무산일기|시|주리|두한에게|125 전승철|사경(寺景)을 헤매다|어떤 시선,13
박정학,남자,파도치는 땅|돌아와요 부산항애(愛)|연평해전|타워|차형사|코리아|7광구|김복남 살인사건의 전말|트럭|중천|공필두|광복절 특사|무사,13
강하늘,남자,나와 봄날의 약속|기억의 밤|청년경찰|재심|좋아해줘|동주|순수의 시대|순수의 시대 무삭제편|스물|쎄시봉|소녀괴담|너는 펫|평양성,13
정가영,여자,하트|밤치기|비치온더비치|조인성을 좋아하세요|극장에서 한 생각.|간밤에 꾼 꿈|처음|내가 어때섷ㅎㅎ|너와 극장에서|여성감독 단편선_인디포럼 월례비행 12월|[인디포럼2016] 신작14 어느 날 내게 다가온 너|2015 GSFF 단편 경쟁 4|11월 단편 상상극장-제9회 대단한 단편영화제 수상작 모음,13
박해준,남자,"나를 찾아줘|힘을 내요, 미스터 리|유열의 음악앨범|제8일의 밤|악질경찰|독전: 익스텐디드 컷|독전|침묵|대립군|순정|탐정 : 더 비기닝|4등|화이: 괴물을 삼킨 아이",13
박지영,여자,"오! 문희|링거링|소공녀|범죄의 여왕|굿바이 싱글|성난 변호사|후궁 : 제왕의 첩|하녀|바다 쪽으로, 한 뼘 더|우아한 세계|메모리즈|외계인이다",12
김정균,남자,위선자들: 감독판|지렁이|위선자들|설해|야관문: 욕망의 꽃|철가방 우수氏|7월 32일|싸이렌|바리케이드|꼬리치는 남자|엄마에게 애인이 생겼어요|시라소니,12
유승호,남자,봉이 김선달|조선마술사|블라인드|마당을 나온 암탉|아스트로 보이-아톰의 귀환|부산|4교시 추리영역|서울이 보이냐|마음이...|돈 텔 파파|집으로...|기억의 조각들,12
이민기,남자,조선명탐정: 흡혈괴마의 비밀|내 심장을 쏴라|황제를 위하여|몬스터|연애의 온도|오싹한 연애|퀵|10억|해운대|오이시맨|로맨틱 아일랜드|바람피기 좋은 날,12
이선,여자,뽀로로 극장판 보물섬 대모험|뽀로로 극장판 공룡섬 대모험|모험왕 블링키|짐작보다 따뜻하게|뽀로로 극장판 컴퓨터 왕국 대모험|극장판 아이엠스타 : 꿈의 오디션!|꼬마영웅 경찰차 프로디2|뽀로로 극장판 슈퍼썰매 대모험|모모와 다락방의 수상한 요괴들|꼬마영웅 경찰차 프로디|뽀로로의 대모험|뽀로로 극장판 눈요정 마을 대모험,12
전지현,여자,암살|베를린|도둑들|블러드|슈퍼맨이었던 사나이|데이지|내 여자친구를 소개합니다|4인용 식탁|엽기적인 그녀|시월애|화이트 발렌타인,11
여민정,여자,극장판 공룡메카드: 타이니소어의 섬|극장판 짱구는 못말려: 아뵤! 쿵후 보이즈 ~라면 대란~|신비아파트: 금빛 도깨비와 비밀의 동굴|극장판 요괴워치 섀도사이드: 도깨비왕의 부활|극장판 레이디버그: 미라클스톤의 비밀|극장판 에그엔젤 코코밍: 푸르밍과 두근두근 코코밍 세계|극장판 짱구는 못말려 : 습격!! 외계인 덩덩이|리틀 프린세스 소피아: 엘레나와 비밀의 아발로 왕국|레이디버그|짱구는 못말려 극장판: 폭풍수면! 꿈꾸는 세계 대돌격|극장판 안녕 자두야|명탐정 코난:감벽의 관,12
정준하,남자,다이노X 탐험대|토니 스토리: 깡통제국의 비밀|가문의 영광4 - 가문의 수난|김종욱 찾기|김관장 대 김관장 대 김관장|가문의 부활 - 가문의 영광3|카리스마 탈출기|가문의 위기(가문의 영광2)|키다리 아저씨|슈퍼스타 감사용|누구나 비밀은 있다|그놈은 멋있었다,12
서태지,남자,서태지밴드 콘서트투어 '콰이어트나이트'|이티피 페스티벌 08X09 서태지|서태지 8집: 398일의 기록|서태지 모아이 : 더 필름|서태지밴드 라이브 투어 <더 뫼비우스>|2008 서태지 심포니 앙코르|2008 서태지 심포니 위드 톨가 카쉬프 로열필하모닉|2004 서태지 라이브 투어 제로|이것은 서태지가 아니다!|2000-2001 서태지밴드 라이브 콘서트 ‘태지의 화’ |서태지와 아이들 ’95 다른 하늘이 열리고|서태지와 아이들 ’93 마지막 축제,12
정연주,여자,유정 - 스며들다|늦여름|뷰티풀 뱀파이어|탐정: 리턴즈|아이 캔 스피크|아기와 나|앨리스: 원더랜드에서 온 소년|오늘영화|두근두근 왓플|백역사|리턴매치|손님,12
고아성,여자,삼진그룹 영어토익반|항거:유관순 이야기|오빠생각|지금은맞고그때는틀리다|뷰티 인사이드|오피스|우아한 거짓말|설국열차|듀엣|결혼식 후에|여행자|괴물,12
한지민,여자,김복동|미쓰백|허스토리|그것만이 내 세상|밀정|장수상회|역린|플랜맨|조선명탐정 : 각시투구꽃의 비밀|해부학 교실|청연|두개의 빛: 릴루미노,12
조정석,남자,엑시트|뺑반|마약왕|형|시간이탈자|특종: 량첸살인기|나의 사랑 나의 신부|역린|관상|강철대오:구국의 철가방|건축학개론,11
전태열,남자,별의 정원|극장판 오소마츠 6쌍둥이|런닝맨 : 풀룰루의 역습|극장판 뽀잉: 슈퍼 변신의 비밀|극장판 포켓몬스터DP - 디아루가 VS 펄기아 VS 다크라이|미니특공대X|파워배틀 와치카: 와치가면의 역습|파워배틀 와치카 미니카 배틀리그: 불꽃의 질주|최강전사 미니특공대: 영웅의 탄생|스폰지밥 3D|최강전사 미니특공대 : 새로운 악당의 습격,11
조현정,여자,극장판 도라에몽: 진구의 달 탐사기|극장판 파워레인저 갤럭시포스 VS 스페이스 스쿼드|극장판 도라에몽: 진구의 보물섬|신비아파트: 금빛 도깨비와 비밀의 동굴|터닝메카드W: 반다인의 비밀 특별판|극장판 에그엔젤 코코밍: 푸르밍과 두근두근 코코밍 세계|극장판 도라에몽: 신 진구의 버스 오브 재팬|빌리와 용감한 녀석들 3|뽀로로 극장판 슈퍼썰매 대모험|춤추는 꿈틀이 밴드|제불찰씨 이야기,11
이혜은,여자,"컴, 투게더|그랑프리|두 얼굴의 여친|그해 여름|엄마|빨간 피터의 고백|춘향뎐(春香傳)|인정사정 볼 것 없다|파란대문|코르셋|파출부, 아니다",11
수애,여자,상류사회|국가대표 2|감기|아테나: 전쟁의 여신|심야의 F.M.|불꽃처럼 나비처럼|님은 먼 곳에|그해 여름|나의 결혼원정기|가족|티파니에서 아침을,11
최강희,여자,"순종|그 사람 그 사랑 그 세상|미나문방구|쩨쩨한 로맨스|애자|내 사랑|달콤, 살벌한 연인|와니와 준하|행복한 장의사|여고괴담|그녀의 전설",11
주지훈,남자,암수살인|공작|신과함께-인과 연|신과함께-죄와 벌|아수라|간신|좋은 친구들|결혼전야|나는 왕이로소이다|키친|서양 골동 양과자점 앤티크,11
최성국,남자,"구세주: 리턴즈|레쓰링|구세주 2|대한이, 민국씨|색즉시공 시즌2|김관장 대 김관장 대 김관장|연리지|구세주|이대로, 죽을 순 없다(Short Time)|낭만자객|색즉시공",11
이요원,여자,"그래, 가족|전설의 주먹|용의자X|된장|화려한 휴가|광식이 동생 광태|서프라이즈|아프리카|고양이를 부탁해|주유소 습격사건|남자의 향기",11
이정진,남자,은하|대결|트릭|피에타|원더풀 라디오|돌이킬 수 없는|해결사|마파도|말죽거리 잔혹사|해적 디스코왕 되다|해변으로가다,11
이일화,여자,기방도령|탐정: 리턴즈|천화|아빠는 딸|원라인|탐정 : 더 비기닝|패션왕|반두비|로맨틱 아일랜드|날나리 종부전|그리움엔 이유가 없다,11
최준영,남자,판소리 복서|유열의 음악앨범|아워 바디|국가부도의 날|샘|불한당: 나쁜 놈들의 세상|싱글라이더|글로리데이|아무 일도 없었다.|야동인문학,10
변요한,남자,"노리개: 그녀의 눈물|자산어보|하루|당신, 거기 있어줄래요|마돈나|소셜포비아|들개|감시자들|별리섬|목격자의 밤",10
김은주,여자,아들에게 가는 길|메이드 인 차이나|만신|별일아니다|서울|은하해방전선|산책|그림자도 없다|할 수 있는 자가 구하라|황금시대,10
곽민규,남자,파도를 걷는 소년|이장|내가 사는 세상|눈물|돌아오는 길엔|홍콩멜로|갈퀴|당신도 주성치를 좋아하시나요?|김시은 배우전|한낮의 피크닉,10
김정팔,남자,세트플레이|뷰티풀 보이스|한강블루스|동주|조류인간|들개들|러시안 소설|모크샤... 나는 혹은 세상은 어떻게 작동하는가|해결사|여기는 어디냐?,10
시영준,남자,"극장판 헬로카봇 : 달나라를 구해줘!|안녕, 티라노: 영원히, 함께|프린스 코기|신데렐라:마법 반지의 비밀|극장판 헬로카봇: 옴파로스 섬의 비밀|루돌프와 많이있어|달빛궁궐|고녀석 맛나겠다2 : 함께라서 행복해|헬로 카봇|파닥파닥",10
소지섭,남자,자백|지금 만나러 갑니다|군함도|군함도 감독판|좋은 날|회사원|오직 그대만|소피의 연애 매뉴얼|영화는 영화다|도둑맞곤 못살아,10
이이경,남자,히트맨|뷰티풀 보이스|더 펜션|괴물들|아기와 나|커튼콜|해적: 바다로 간 산적|일대일|백야|남쪽으로 간다,10
이시영,여자,언니|신의 한 수|더 웹툰: 예고살인|남자사용설명서|커플즈|위험한 상견례|빨간모자의 진실 2|홍길동의 후예|순간을 믿어요|오감도,10
이세영,여자,링거링|수성못|피끓는 청춘|청포도 사탕: 17년 전의 약속|열세살 수아|내 생애 가장 아름다운 일주일|여선생 VS 여제자|아홉살 인생|고독이 몸부림칠 때|무서운 이야기 2,10
장유상,남자,세트플레이|울보|조선마술사|거인|면허시험|선물|해바라기의 습격|밤벌레|동명이인 프로젝트 시즌2|원나잇 온리,10
손숙,여자,소리꾼|꽃손|아이 캔 스피크|귀향|극장전|리허설|개같은 날의 오후|단지 그대가 여자라는 이유만으로|민우씨 오는 날|주리,10
장인섭,남자,커피 느와르: 블랙 브라운|프란시스의 밀실|사돈의 팔촌|해어화|그놈이다|더 폰|메이드 인 차이나|우는 남자|끝까지 간다|화이: 괴물을 삼킨 아이,10
김지수,여자,"완벽한 타인|우주의 크리스마스|강남 1970|사랑할 때 이야기하는 것들|가을로|로망스|러브토크|박수칠 때 떠나라|여자, 정혜|눈물의 여인",10
김율,여자,"극장판 짱구는 못말려: 아뵤! 쿵후 보이즈 ~라면 대란~|신비아파트: 금빛 도깨비와 비밀의 동굴|터닝메카드W: 반다인의 비밀 특별판|극장판 요괴워치: 하늘을 나는 고래와 더블세계다냥!|바다 탐험대 옥토넛 시즌4: 바다 괴물 대소동|루돌프와 많이있어|바다 탐험대 옥토넛 시즌4: 아슬아슬 구조대작전|안녕, 전우치! 도술로봇대결전|극장판 빰바라빤쮸: 바나나 왕국의 비밀",9
정하담,여자,젊은이의 양지|항거:유관순 이야기|재꽃|스틸 플라워|들꽃|새벽|플라이|주여!|인민정무문,9
이나영,여자,뷰티풀 데이즈|하울링|아빠가 여자를 좋아해|비몽|우리들의 행복한 시간|아는 여자|영어완전정복|후아유|슬픈 씬,9
맹세창,남자,파도치는 땅|오장군의 발톱|수색역|국제시장|6월의 일기|원더풀 데이즈|화성으로 간 사나이|국화꽃 향기|주노명 베이커리,9
심희섭,남자,"마왕의 딸 이리샤|사자|속물들|메이트|흔들리는 물결|암살|경성학교: 사라진 소녀들|변호인|1999, 면회",9
김한민,남자,봉오동 전투|사냥|명량: 회오리 바다를 향하여|명량|최종병기 활 감독확장판|최종병기 활|핸드폰|극락도 살인사건|그렇게 김순임은 강두식을 만났다,9
지승현,남자,"퍼펙트맨|퍼즐|보통사람|무뢰한|기술자들|친구 2|앵두야, 연애하자|조선명탐정 : 각시투구꽃의 비밀|바람",9
김동완,남자,소리꾼|글로리데이|어떤이의 꿈|신화 라이브 3D 더 레전드 컨티뉴스|연가시|돌려차기|긴급조치 19호|과대망상자들|시선 사이,9
백도빈,남자,시간위의 집|어떻게 헤어질까|어우동: 주인 없는 꽃 무삭제판|살인캠프|어우동: 주인 없는 꽃|콩나물|나는 왕이로소이다|챔프|타짜,9
홍종현,남자,"다시, 봄|앨리스: 원더랜드에서 온 소년|위험한 상견례 2|여자만화 구두|정글피쉬2|바다 쪽으로, 한 뼘 더|쌍화점|헤이, 톰 |귀 鬼(내곁에 있어줘 편)",9
김희애,여자,윤희에게|허스토리|사라진 밤|쎄시봉|우아한 거짓말|백한번째 프로포즈|英雄 돌아오다|내사랑 짱구|불의 회상,9
김태리,여자,승리호(가제)|리틀 포레스트|1987|아가씨|아가씨(확장판)|문영|문영 단편|락 아웃|오오단편극장 ? 김태리 배우 특별전,9
이원근,남자,나를 찾아줘|명당|환절기|그대 이름은 장미|괴물들|그물|여교사|번지점프를 하다|소년병,9
조인성,남자,"안시성|더 킹|쌍화점|비열한 거리|남남북녀|클래식|마들렌|화장실, 어디에요?|조인성을 좋아하세요",9
한해인,여자,밤의 문이 열린다|이별의 목적|차대리|증언|밤낚시|나와 당신|모모|합의|너와 극장에서,9
정혜원,여자,"안녕, 티라노: 영원히, 함께|극장판 샤이닝스타:새로운 루나퀸의 탄생!|극장판 공룡메카드: 타이니소어의 섬|극장판 짱구는 못말려: 아뵤! 쿵후 보이즈 ~라면 대란~|터닝메카드W: 반다인의 비밀 특별판|파워배틀 와치카: 와치가면의 역습|아이엠스타 뮤직어워드|파워배틀 와치카 미니카 배틀리그: 불꽃의 질주|극장판 아이엠스타 : 꿈의 오디션!",9
김유석,남자,"돌아온다|핸드폰|모두들, 괜찮아요?|엄마|가능한 변화들|광시곡|섬|강원도의 힘",8
이상원,남자,발광하는 현대사|PMC: 더 벙커|공작|골든슬럼버|어느날|임금님의 사건수첩|싱글라이더|의뢰인,8
강지환,남자,태양을 쏴라 무삭제판|태양을 쏴라|차형사|내 눈에 콩깍지|7급 공무원|영화는 영화다|방문자|로맨싱 게임,8
서예지,여자,양자물리학|내일의 기억(가제)|암전|봉이 김선달|다른 길이 있다|비밀|사도|기억을 만나다,8
이선호,남자,누에치던 방|삼례|아티스트 봉만대|멜로|투혼|꿈은 이루어진다|요가학원|오리진,8
문근영,여자,"유리정원|사도|사랑 따윈 필요 없어|댄서의 순정|어린 신부|장화, 홍련|연애소설|길 위에서",8
김소희,여자,나의 연기 워크샵|혜경궁 홍씨|파스카|야간비행|굿바이 보이|새는 폐곡선을 그린다|춘정|갈증,8
도경수,남자,언더독|스윙키즈|신과함께-인과 연|신과함께-죄와 벌|7호실|형|순정|카트,8
소연,여자,원더랜드|극장판 엉덩이 탐정: 화려한 사건 수첩|마징가 Z: 인피니티|터닝메카드W: 반다인의 비밀 특별판|터닝메카드W: 블랙미러의 부활|아이엠스타 뮤직어워드|극장판 아이엠스타 : 꿈의 오디션!|유고와 라라 : 신비의 숲 어드벤처,8
이수경,여자,기묘한 가족|침묵|용순|특별시민|차이나타운|방황하는 칼날|우아한 거짓말|오오단편극장 - 이학주 배우전,8
한태일,남자,미친도시|참외향기|분홍돌고래|란의 연가|뽕 3|미아리텍사스|지옥의 49일|갑시다,8
이주원,남자,이월|마약왕|곤지암|브이아이피|장산범|혼자|꿈보다 해몽|쉘터,8
정려원,여자,게이트-완결판|게이트|네버엔딩 스토리|통증|적과의 동침|김씨표류기|두 얼굴의 여친|내 이름은 김삼순,8
이상현,남자,남자와 여자|공작|대립군|서울야행|위험한 상견례 2|성실한 나라의 앨리스|화끈한 써비스: 어느 잔인한 미용사의|역린,8
박서준,남자,드림(가제)|사자|지금 만나러 갑니다|청년경찰|리얼|뷰티 인사이드|악의 연대기,7
한채영,여자,이웃집 스타|실종 : 택시 납치 사건|인플루언스|걸프렌즈|굿모닝 프레지던트|지금 사랑하는 사람과 살고 있습니까?|와일드 카드,7
이효제,남자,니나 내나|홈|가려진 시간|사도|극비수사|우리는 형제입니다|아빠의 검,7
임시완,남자,불한당: 나쁜 놈들의 세상|원라인|오빠생각|리오 2|변호인|미생 프리퀄|보스턴 1947,7
지용석,남자,"행복의 나라|이,기적인 남자|신이 보낸 사람|휴일|우리들의 행복한 시간|가업|레디액션 청춘",7
유호정,여자,그대 이름은 장미|써니 감독판|써니|오원 장승업 취화선|취화선|산책|키스할까요,7
김연우,여자,별의 정원|런닝맨 : 풀룰루의 역습|극장판 가면라이더 이그제이드: 트루 엔딩|오즈: 신기한 마법가루|언더더씨|짱구는 못말려 극장판: 폭풍수면! 꿈꾸는 세계 대돌격|리틀 폭스,7
고관재,남자,"파도치는 땅|구원|포항|하나, 그리고 둘|락원|서부영화|여행",7
함은정,여자,실종2|화이트: 저주의 멜로디|고死 : 피의 중간고사|조용한 세상|아이스케키|야수와 미녀|마들렌,7
조여정,여자,기생충|워킹걸|인간중독|표적|후궁 : 제왕의 첩|방자전|흡혈형사 나도열,7
주원,남자,특근|그놈이다|패션왕|캐치미|니코: 산타비행단의 모험|미확인 동영상 : 절대클릭금지|특수본,7
권민중,여자,위선자들: 감독판|위선자들|란제리살인사건|삼인삼색 - 로드스타|인터뷰|해가 서쪽에서 뜬다면|투캅스 3,7
임슬옹,남자,이웃집 스타|봄|26년|2AM SHOW|어쿠스틱|무서운 이야기 3 : 화성에서 온 소녀|무서운 이야기 3 '여우골',7
백성현,남자,스타박'스 다방|워킹 스트리트|스피드|차이나 블루|구르믈 버서난 달처럼|울학교 이티|말아톤,7
김성수,남자,검은손|R2B: 리턴투베이스|뜨거운 것이 좋아|모노폴리|분홍신|맛있는 섹스 그리고 사랑|지구용사 벡터맨(사탄제국의 대역습),7
김재욱,남자,나비잠|덕혜옹주|다른 길이 있다|두 개의 연애|플랑크 상수|서양 골동 양과자점 앤티크,6
윤소이,여자,돌아와요 부산항애(愛)|어떤살인|우리 만난 적 있나요|무영검|역전의 명수|아라한 장풍대작전,6
유하준,남자,덫: 치명적인 유혹|의뢰인|적과의 동침|여기보다 어딘가에|백문백답|시선 너머,6
김가희,여자,박화영|꿈의 제인|수상한 그녀|처녀비행|점프샷|집,6
최정원,여자,"하나식당|좋은 친구들 |퍼펙트 게임|대한이, 민국씨|마이 파더|이장과 군수",6
김상석,남자,마차 타고 고래고래|그들이 죽었다|플랑크 상수|산타바바라|별일아니다|아스라이,6
고현정,여자,호랑이보다 무서운 겨울손님|미쓰GO|최후의 툰드라-극장판|여배우들|잘 알지도 못하면서|해변의 여인,6
손여은,여자,지금 만나러 갑니다|보안관|코인라커|세계일주|고死 : 피의 중간고사|내가 버린 여름,6
정다은,여자,선희와 슬기|여중생A|청년경찰|찾을 수 없습니다|동물원|여름밤,6
한은정,여자,세상끝의 사랑|퍼스트 레이디-그녀에게 |공소시효|기생령|신기전|투 가이즈,6
정해인,남자,유열의 음악앨범|시동|흥부: 글로 세상을 바꾼 자|임금님의 사건수첩|역모-반란의 시대|장수상회,6
강연정,여자,왕을 참하라 무삭제판|왕을 참하라|반달곰|파랑주의보|나이브 데이즈|수쟌느,6
이가섭,남자,니나 내나|도어락|폭력의 씨앗|재회|양치기들|복무태만,6
전혜빈,여자,"힘을 내요, 미스터 리|인어전설|럭키|우리 연애의 이력|몽정기2|령",6
김선빈,남자,개: dog eat dog|설인|물고기|그대는 쇼팬하우어의 트리플악셀처럼|두 개의 밤|코스모스 노래방,6
보아,여자,가을 우체국|빅매치|에스엠타운 라이브인도쿄스페셜에디션3D|메이크 유어 무브 |헷지,5
노무현,남자,"시민 노무현|노무현과 바보들|무현, 두 도시 이야기 : 파이널 컷|노무현입니다|무현, 두 도시 이야기",5
이현호,남자,로마서 8:37|엄마는 창녀다|페어러브|좋은 배우|불한당들,5
문석범,남자,눈꺼풀|하늘의 황금마차|지슬 - 끝나지 않은 세월2|어이그 저 귓것|설문대 할망 큰 솥에 빠져죽다,5
강두,남자,대관람차|성혜의 나라|형|마이 리틀 히어로|작업의 정석,5
김정희,여자,군산: 거위를 노래하다|속닥속닥|덕혜옹주|부산행|그날의 분위기,5
한도진,남자,레슬러|물괴|청년경찰|좋은 친구들|거미줄 - 죽음의 도박,5
지현우,남자,"살인소설|Mr.아이돌|주유소 습격사건 2|올드미스다이어리|사랑하니까, 괜찮아",5
채서진,여자,"여자들|당신, 거기 있어줄래요|커튼콜|초인|두근두근 내 인생",5
이승행,남자,극장판 도라에몽: 진구의 달 탐사기|극장판 파워레인저 갤럭시포스 VS 스페이스 스쿼드|극장판 도라에몽: 진구의 보물섬|마징가 Z: 인피니티|반도에 살어리랏다,5
송일국,남자,플라이 하이|타투|현기증|작업의 정석|레드 아이,5
박지후,여자,벌새|목격자|조작된 도시|가려진 시간|나만 없는 집,5
진세연,여자,인천상륙작전 : 익스텐디드 에디션(확장판)|인천상륙작전|위험한 상견례 2|사랑만의 언어|화이트: 저주의 멜로디,5
정형석,남자,앙상블|성혜의 나라|여수 밤바다|대리 드라이버|창간호,5
김혜자,여자,길|개를 훔치는 완벽한 방법|마더|마요네즈|만추,5
노정의,여자,소녀의 세계|히치하이크|탐정 홍길동: 사라진 마을|더 폰|나는 아빠다,5
신민재,남자,어서오시게스트하우스|근본주의자|다영씨|튼튼이의 모험|델타 보이즈,5
이민호,남자,바운티 헌터스: 현상금사냥꾼|강남 1970|강남1970(무삭제판)|울학교 이티|강철중: 공공의 적 1-1,5
안지호,남자,우리집|보희와 녹양|신과함께-인과 연|가려진 시간|궁합,5
김우빈,남자,도청(가제)|마스터|스물|기술자들|친구 2,5
정지훈,남자,자전차왕 엄복동|R2B: 리턴투베이스|닌자 어쌔신|스피드 레이서|싸이보그지만 괜찮아,5
김범준,남자,지금 만나러 갑니다|살인재능|찌라시: 위험한 소문|신의 선물|살결,5
백서빈,남자,산상수훈|아빠는 예쁘다|좀비스쿨|노크,4
강경준,남자,귀신의 향기|나의 PS 파트너 |바람|전투의 매너,4
박지수,여자,사월의 끝|네버다이 버터플라이|마이 라띠마|나는 아직도 당신이 궁금하여 자다가도 일어납니다,4
이준호,남자,"기방도령|협녀, 칼의 기억|스물|감시자들",4
강인,남자,고양이 장례식|순정만화|앨빈과 슈퍼밴드|꽃미남 연쇄 테러 사건,4
김소희,여자,나와 봄날의 약속|종이 비행기|비밀은 없다|나만 없어 고양이,4
최수인,여자,아이 캔 스피크|우리들|가을단기방학|어떤 하루,4
홍아름,여자,원스텝|아빠가 돌아왔다|막걸스|가벼운 잠,4
은지원,남자,젝스키스 에이틴|링스 어드벤처|여고생 시집가기|세븐틴,4
위하준,남자,공포체험단 곤지암편|미드나이트(가제)|걸캅스|곤지암,4
오상철,남자,성난 변호사|뷰티 인사이드|설계|점쟁이들,4
우상전,남자,선종 무문관|데드 엔드|할|눈,4
이용관,남자,"다이빙벨 그후|굿바이, 평양|미안하다 독도야|남자의 향기",4
남규리,여자,데자뷰|질투의 역사|고死 : 피의 중간고사|신촌좀비만화,4
김환희,여자,여중생A|곡성|전국노래자랑|파란만장,4
김다미,여자,"안녕, 나의 소울메이트 (가제)|마녀|나를 기억해|2017 동명이인 프로젝트",4
황정음,여자,돼지 같은 여자|고死 두 번째 이야기: 교생실습|바람|바람_감독판,4
김영은,여자,신비아파트: 금빛 도깨비와 비밀의 동굴|베이블레이드 버스트 갓 : 갓 발키리의 탄생|아이엠스타 뮤직어워드|카이: 거울 호수의 전설,4
지창욱,남자,조작된 도시|고死 두 번째 이야기: 교생실습|정승필 실종사건|슬리핑 뷰티,4
김현빈,남자,여중생A|물속에서 숨 쉬는 법|아수라|오빠생각,4
김율호,남자,"고산자, 대동여지도|부산행|연평해전|은서",4
백승환,남자,근본주의자|우리마을|튼튼이의 모험|델타 보이즈,4
김태원,남자,청춘 합창단 - 또 하나의 꿈|철가방 우수氏|내 머리 속의 지우개|아이 러브 유,4
김태균,남자,슈퍼 빼꼼: 스파이 대작전|관음증|어떤 가족|환상속의 그대,4
옥한흠,남자,"광인옥한흠|제자도 - 제자,옥한흠2|제자, 옥한흠",3
신현숙,여자,걸캅스|안시성|상류사회,3
김진숙,여자,"1991, 봄|위로공단|위로공단 특별판",3
서유리,여자,극장판 공룡메카드: 타이니소어의 섬|꾸루꾸루와 친구들: 무지개 나무의 비밀|위층여자,3
최승호,남자,공범자들|7년-그들이 없는 언론|자백,3
강민혁,남자,나는 고양이로소이다|궁합|어쿠스틱,3
김충길,남자,튼튼이의 모험|델타 보이즈|너는 아무렇지 않게 나왔겠지만,3
신지수,여자,내부자들: 디 오리지널|내부자들|베테랑,3
박세완,여자,언니|오목소녀|팡뜨,3
박해진,남자,치즈인더트랩|설해|젓가락,3
김규백,남자,흥부: 글로 세상을 바꾼 자|청년경찰|군함도,3
정현진,남자,번개맨|빅매치|26년,3
김남준,남자,브링 더 소울 : 더 무비|러브 유어셀프 인 서울|번 더 스테이지: 더 무비,3
김진우,남자,쇠파리|한 번도 안 해본 여자|비상,3
손이용,남자,"오늘도 평화로운|시발, 놈: 인류의 시작|숫호구",3
노강민,남자,소나기|보호자|무서운 이야기,3
최미라,여자,미라클 여행기|찌라시: 위험한 소문|신세기 낭만시대,3
최수영,여자,걸캅스|막다른 골목의 추억|순정만화,3
권지용,남자,빅뱅 메이드|원 오브 어 카인드 3D ; G-DRAGON 2013 1ST WORLD TOUR|2010 빅뱅라이브콘서트 BIGSHOW 3D,3
정지순,남자,열두 번째 용의자|방울토마토|걱정말아요,3
조민경,여자,"이월|오늘, 우리",2
김하늘,여자,1급기밀|여교사,2
이승기,남자,궁합|오늘의 연애,2
서홍석,남자,번개맨의 비밀|번개맨과 신비의 섬,2
정두원,남자,장기왕 : 가락시장 레볼루션|뷰티 인사이드,2
김현선,여자,해원|저 달이 차기 전에,2
홍희용,남자,기화|싯 앤 고,2
박성현,남자,색끈한 퓨전사극 심청야사|명기,2
진영,남자,프린세스 아야|눈발,2
박해빛나,여자,재혼의 기술|장수상회,2
이옥선,여자,"에움길|귀향, 끝나지 않은 이야기",2
강명자,여자,위로공단|위로공단 특별판,2
최경덕,남자,소공녀|나쁜 나라,2
정은지,여자,0.0MHz|세이빙 산타,2
이새봄,여자,1919 유관순|1919유관순-그녀들의조국,2
한지은,여자,나도 때론 포르노그라피의 주인공이고 싶다 : 감독판|나도 때론 포르노그라피의 주인공이고 싶다,2
김어준,남자,"그날, 바다|더 플랜",2
이태진,남자,안시성|더 킹,2
안보현,남자,막다른 골목의 추억|히야,2
홍예리,여자,"여곡성|31, 내리다",2
양범,남자,대역전|폴라로이드,2
김재창,남자,바나나쏭의 기적|하쿠나 마타타 - 지라니 이야기,2
박지희,여자,"귀향, 끝나지 않은 이야기|귀향",2
권용만,남자,밤섬해적단 서울불바다|파티51,2
이명박,남자,삽질|공범자들,2
주진우,남자,달밤체조 2015|저수지 게임,2
박정오,남자,극장판 프랭키와 친구들: 생명의 나무|지구대표 롤링스타즈,2
강소백,남자,신과함께-죄와 벌|브이아이피,2
안성민,남자,열두 번째 용의자|분장,2
지수,남자,글로리데이|한공주,2
김정철,남자,인천상륙작전 : 익스텐디드 에디션(확장판)|인천상륙작전,2
최혜원,여자,명령불복종 교사,1
길용우,남자,딜쿠샤,1
박누가,남자,아픈 만큼 사랑한다,1
장범준,남자,"다시, 벚꽃",1
김막동,여자,시인 할매,1
황윤,여자,잡식가족의 딜레마,1
김민수,남자,야근 대신 뜨개질,1
박효신,남자,뷰티풀 투모로우,1
김원규,남자,레드 툼,1
박금분,여자,칠곡 가시나들,1
김말해,여자,밀양 아리랑,1
박문수,남자,내 친구 정일우,1
김광석,남자,김광석,1
마리안느 스퇴거,여자,마리안느와 마가렛,1
박명호,남자,올드마린보이,1
서하늬,여자,미씽: 사라진 여자,1
황인아,여자,석조저택 살인사건,1
더 콰이엇,남자,리스펙트,1
엘리자 구티,여자,소녀와 여자,1
김금단,여자,고향이 어디세요,1
임미선,여자,순교,1
브루스 칸,남자,리벤져,1
하룡이,남자,극장판 또봇: 로봇군단의 습격,1
나연,여자,트와이스랜드,1
쏘남 왕모 스칼닷,여자,"안녕, 나의 소녀 시절이여",1
윤안나,여자,"서서평, 천천히 평온하게",1
장혜정,여자,어른이 되면,1
노해숙,여자,버블 패밀리,1
김가나,여자,이바라키의 여름,1
권오중,남자,"제자도 - 제자,옥한흠2",1
구윤희,여자,무서운 집,1
김용옥,남자,나의 살던 고향은,1
이지형,남자,일사각오,1
심환,남자,뷰티플 마인드,1
진남수,남자,싱글라이더,1
정제원,남자,굿바이 썸머,1
이규호,남자,땐뽀걸즈,1
이성인,여자,캐리tv 러브콘서트 더 무비,1
김복동,여자,김복동,1
강유진,여자,려행,1
송호준,남자,망원동 인공위성,1
안재민,남자,꽃보다 처녀귀신,1
김종훈,남자,굿바이 마이 러브NK: 붉은 청춘,1
쿠마 켄고,남자,이타미 준의 바다,1
이윤혁,남자,뚜르: 내 생애 최고의 49일,1
변현우,남자,슈퍼 프렌즈,1
김나연,여자,우리집,1
텐진 릭돌,남자,브링 홈: 아버지의 땅,1
김내현,남자,불빛 아래서,1
강지웅,남자,7년-그들이 없는 언론,1
김근,남자,그라운드의 이방인,1
파드마 앙뚜,남자,다시 태어나도 우리,1
송기준,남자,맛있는 택배,1
김성근,남자,파울볼,1
곽주현,여자,홀리워킹데이,1
김현우,남자,안녕 히어로,1
조수원,남자,옹알스,1
박세은,여자,소은이의 무릎,1
고동민,남자,위켄즈,1
문정현,남자,경계,1
박정희,남자,미스 프레지던트,1
김군,남자,김군,1
김미화,여자,후쿠시마의 미래,1
이관희,남자,교회오빠,1
정지혁,남자,만담강호,1
강타,남자,에스엠타운 더 스테이지,1
이상국,남자,반짝이는 박수 소리,1
마담 B,여자,마담 B,1
유예은,여자,기적의 피아노,1
김민웅,남자,직지코드,1
고희영,여자,물숨,1
박영우,남자,업사이드 다운,1
정진용,남자,노후 대책 없다,1
위르겐 힌츠페터,남자,5.18 힌츠페터 스토리,1
정영철,남자,서산개척단,1
양미,여자,나는 증인이다,1
이영란,여자,프랑스 영화처럼,1
-,남자,올 리브 올리브,1
박삼순,여자,할머니의 먼 집,1
이충연,남자,공동정범,1
배미영,여자,파란나비효과,1
여경주,여자,피의 연대기,1
문창길,남자,철원기행,1
권기선,여자,"나의 아들, 나의 어머니",1
박묘연,여자,거미의 땅,1
김수연,여자,파파 오랑후탄,1
정승환,남자,우리는 썰매를 탄다,1
홍수아,여자,멜리스,1
정채연,여자,라라,1
박용성,남자,예스 평창!,1
이지아,여자,무수단,1
전현수,남자,청춘학당2 기생난입야사,1
김수빈,여자,소꿉놀이,1
김승헌,남자,독도의 영웅들,1
봉만대,남자,한강블루스,1
장금도,여자,기생-꽃의 고백,1
최태준,남자,커터,1
이묵,여자,불온한 당신,1
권두현,남자,파밍 보이즈,1
안용준,남자,하프,1
김명수,남자,무문관,1
문남숙,여자,극장판 꼬마버스 타요의 에이스 구출작전,1
윤기진,남자,불안한 외출,1
에카테리나 구세바,여자,안나 카레니나,1
김진영,여자,B급 며느리,1
이동우,남자,시소,1
방 타마라,여자,고려 아리랑: 천산의 디바,1
배남식,남자,그럼에도 불구하고,1
손덕기,남자,맛있는 비행,1
박지수,여자,우리에게 떡볶이를 먹을 권리가 있다,1
이종수,남자,나부야 나부야,1
김춘희,여자,춘희막이,1
손무성,남자,슈퍼레이서 엔지,1
성훈,남자,돌아와요 부산항애(愛),1
최정원,여자,사랑이 이긴다,1
김기수,남자,집의 시간들,1
이송,여자,폴란드로 간 아이들,1
강기훈,남자,"1991, 봄",1
임만호,남자,아이엠 호프맨,1
소재건,남자,오 마이 파파,1
고찬근,남자,시간의 종말,1
도꾜 조선 중고급학교 권투부,남자,울보 권투부,1
김승민,남자,고시원,1
김예지,여자,달에 부는 바람,1
송의성,남자,어둔 밤,1
박기림,여자,레나,1
이삼헌,남자,바람의 춤꾼,1
이종락,남자,드롭박스,1
강성국,남자,눈이라도 내렸으면,1
신연우,남자,해에게서 소년에게,1
-,남자,카운터스,1
박차순,여자,22,1
상현,남자,왕초와 용가리,1
-,남자,드래곤빌리지<화이트니스타운을 구하라>,1
이상희,여자,련희와 연희,1
김영무,남자,폭력의 법칙: 나쁜 피 두 번째 이야기,1
소주연,여자,속닥속닥,1
도금연,여자,소성리,1